Recording	Participant	Timeline	Calibration plane width(mm)	Calibration plane width(px)	Calibration plane height(mm)	Calibration plane height(px)	Point order	Type	X	Y	Calibration accuracy(deg)	Calibration accuracy(mm)	Calibration accuracy(px)	Calibration precision SD(deg)	Calibration precision SD(mm)	Calibration precision SD(px)	Calibration precision RMS(deg)	Calibration precision RMS(mm)	Calibration precision RMS(px)	Validation accuracy(deg)	Validation accuracy(mm)	Validation accuracy(px)	Validation precision SD(deg)	Validation precision SD(mm)	Validation precision SD(px)	Validation precision RMS(deg)	Validation precision RMS(mm)	Validation precision RMS(px)
Recording	201811061170	Urban0	528	1920	297	1080	1	Calibration	0.1	0.1	0.14	1.54	5.61	0.04	0.39	1.41	0.05	0.58	2.09									
Recording	201811061170	Urban0	528	1920	297	1080	2	Calibration	0.9	0.1	0.13	1.47	5.35	0.05	0.52	1.87	0.06	0.61	2.22									
Recording	201811061170	Urban0	528	1920	297	1080	3	Calibration	0.5	0.5	0.06	0.64	2.33	0.07	0.68	2.49	0.08	0.74	2.7									
Recording	201811061170	Urban0	528	1920	297	1080	4	Calibration	0.1	0.9	0.13	1.35	4.91	0.19	2.22	8.07	0.22	2.55	9.28									
Recording	201811061170	Urban0	528	1920	297	1080	5	Calibration	0.9	0.9	0.12	1.35	4.91	0.05	0.62	2.25	0.07	0.83	3.01									
Recording	201811061170	Urban0	528	1920	297	1080	6	Validation	0.7	0.3										0.39	4.03	14.64	0.06	0.6	2.17	0.06	0.59	2.13
Recording	201811061170	Urban0	528	1920	297	1080	7	Validation	0.7	0.7										0.94	9.58	34.82	0.09	0.89	3.24	0.11	1.07	3.89
Recording	201811061170	Urban0	528	1920	297	1080	8	Validation	0.3	0.3										0.5	5.09	18.51	0.06	0.56	2.04	0.07	0.69	2.5
Recording	201811061170	Urban0	528	1920	297	1080	9	Validation	0.3	0.7										0.99	10	36.35	0.17	1.76	6.39	0.11	1.14	4.13
Recording1	201711061127	Urban1	528	1920	297	1080	1	Calibration	0.1	0.1	0.26	2.87	10.45	0.07	0.78	2.85	0.1	1.12	4.07									
Recording1	201711061127	Urban1	528	1920	297	1080	2	Calibration	0.9	0.1	0.25	2.74	9.95	0.07	0.79	2.86	0.09	1.04	3.77									
Recording1	201711061127	Urban1	528	1920	297	1080	3	Calibration	0.5	0.5	0.06	0.6	2.19	0.12	1.15	4.18	0.13	1.3	4.72									
Recording1	201711061127	Urban1	528	1920	297	1080	4	Calibration	0.1	0.9	0.28	3	10.91	0.1	1.17	4.27	0.12	1.38	5.02									
Recording1	201711061127	Urban1	528	1920	297	1080	5	Calibration	0.9	0.9	0.21	2.31	8.4	0.1	1.14	4.14	0.11	1.24	4.5									
Recording1	201711061127	Urban1	528	1920	297	1080	6	Validation	0.3	0.7										0.45	4.57	16.63	0.15	1.54	5.6	0.18	1.88	6.83
Recording1	201711061127	Urban1	528	1920	297	1080	7	Validation	0.7	0.7										0.72	7.41	26.93	0.13	1.31	4.77	0.15	1.58	5.74
Recording1	201711061127	Urban1	528	1920	297	1080	8	Validation	0.7	0.3										0.76	7.67	27.89	0.11	1.14	4.14	0.13	1.33	4.85
Recording1	201711061127	Urban1	528	1920	297	1080	9	Validation	0.3	0.3										0.34	3.39	12.32	0.12	1.22	4.44	0.15	1.51	5.49
Recording2	201511120153	Urban1	528	1920	297	1080	1	Calibration	0.1	0.1	0.26	3.1	11.27	0.06	0.73	2.65	0.07	0.86	3.12									
Recording2	201511120153	Urban1	528	1920	297	1080	2	Calibration	0.9	0.1	0.26	3.09	11.23	0.04	0.44	1.62	0.05	0.59	2.15									
Recording2	201511120153	Urban1	528	1920	297	1080	3	Calibration	0.5	0.5	0.16	1.77	6.43	0.05	0.59	2.16	0.06	0.66	2.38									
Recording2	201511120153	Urban1	528	1920	297	1080	4	Calibration	0.1	0.9	0.17	2.1	7.64	0.06	0.74	2.68	0.07	0.89	3.24									
Recording2	201511120153	Urban1	528	1920	297	1080	5	Calibration	0.9	0.9	0.2	2.41	8.77	0.06	0.77	2.79	0.06	0.77	2.81									
Recording2	201511120153	Urban1	528	1920	297	1080	6	Validation	0.7	0.3										0.17	1.93	7.03	0.06	0.69	2.5	0.06	0.66	2.41
Recording2	201511120153	Urban1	528	1920	297	1080	7	Validation	0.3	0.7										0.9	10.5	38.16	0.05	0.63	2.28	0.06	0.75	2.71
Recording2	201511120153	Urban1	528	1920	297	1080	8	Validation	0.7	0.7										0.78	9.27	33.7	0.06	0.69	2.51	0.07	0.78	2.85
Recording2	201511120153	Urban1	528	1920	297	1080	9	Validation	0.3	0.3										0.38	4.38	15.94	0.06	0.72	2.61	0.06	0.67	2.43
Recording3	201711061150	Urban0	528	1920	297	1080	1	Calibration	0.1	0.1	0.34	3.77	13.71	0.15	1.74	6.33	0.16	1.81	6.59									
Recording3	201711061150	Urban0	528	1920	297	1080	2	Calibration	0.9	0.1	0.21	2.35	8.56	0.11	1.18	4.31	0.15	1.65	6									
Recording3	201711061150	Urban0	528	1920	297	1080	3	Calibration	0.5	0.5	0.13	1.26	4.6	0.11	1.09	3.97	0.15	1.54	5.61									
Recording3	201711061150	Urban0	528	1920	297	1080	4	Calibration	0.1	0.9	0.21	2.28	8.28	0.09	1.09	3.95	0.13	1.53	5.56									
Recording3	201711061150	Urban0	528	1920	297	1080	5	Calibration	0.9	0.9	0.11	1.21	4.41	0.15	1.71	6.2	0.15	1.72	6.24									
Recording3	201711061150	Urban0	528	1920	297	1080	6	Validation	0.7	0.7										0.48	4.99	18.13	0.1	0.98	3.58	0.12	1.21	4.39
Recording3	201711061150	Urban0	528	1920	297	1080	7	Validation	0.3	0.7										0.35	3.73	13.56	1.71	18.34	66.69	1.04	11.22	40.82
Recording3	201711061150	Urban0	528	1920	297	1080	8	Validation	0.3	0.3										0.88	9.05	32.92	0.13	1.39	5.05	0.13	1.36	4.95
Recording3	201711061150	Urban0	528	1920	297	1080	9	Validation	0.7	0.3										0.5	5.13	18.66	0.3	3.05	11.08	0.28	2.87	10.42
Recording4	201711061179	Urban0	528	1920	297	1080	1	Calibration	0.1	0.1	0.26	2.8	10.17	1.03	11.14	40.51	1.27	13.77	50.08									
Recording4	201711061179	Urban0	528	1920	297	1080	2	Calibration	0.9	0.1	0.23	2.71	9.86	0.56	6.51	23.69	0.32	3.66	13.31									
Recording4	201711061179	Urban0	528	1920	297	1080	3	Calibration	0.5	0.5	0.01	0.11	0.41	0.1	0.98	3.55	0.08	0.84	3.07									
Recording4	201711061179	Urban0	528	1920	297	1080	4	Calibration	0.1	0.9	0.04	0.43	1.57	0.04	0.49	1.8	0.06	0.65	2.37									
Recording4	201711061179	Urban0	528	1920	297	1080	5	Calibration	0.9	0.9	0.15	1.62	5.87	1.03	11.94	43.43	0.98	11.68	42.46									
Recording4	201711061179	Urban0	528	1920	297	1080	6	Validation	0.3	0.3										0.54	5.54	20.15	0.22	2.26	8.23	0.14	1.47	5.33
Recording4	201711061179	Urban0	528	1920	297	1080	7	Validation	0.7	0.7										0.52	5.24	19.04	0.3	3.02	11	0.14	1.42	5.16
Recording4	201711061179	Urban0	528	1920	297	1080	8	Validation	0.7	0.3										0.16	1.64	5.95	0.38	3.95	14.36	0.06	0.57	2.06
Recording4	201711061179	Urban0	528	1920	297	1080	9	Validation	0.3	0.7										0.68	6.88	25.01	0.48	4.87	17.7	0.31	3.11	11.31
Recording5	201811260127	Urban1	528	1920	297	1080	1	Calibration	0.1	0.1		1.41	5.14		0.7	2.56		0.94	3.41									
Recording5	201811260127	Urban1	528	1920	297	1080	2	Calibration	0.9	0.1		2.36	8.57		0.79	2.87		0.92	3.35									
Recording5	201811260127	Urban1	528	1920	297	1080	3	Calibration	0.5	0.5	0.03	0.3	1.11	0.09	0.95	3.44	0.14	1.42	5.16									
Recording5	201811260127	Urban1	528	1920	297	1080	4	Calibration	0.1	0.9		1.16	4.23		1.22	4.43		1.49	5.42									
Recording5	201811260127	Urban1	528	1920	297	1080	5	Calibration	0.9	0.9		1.68	6.12		3.28	11.94		2.24	8.15									
Recording5	201811260127	Urban1	528	1920	297	1080	6	Validation	0.3	0.7										1.36	13.9	50.55	0.78	8.06	29.31	0.87	8.95	32.55
Recording5	201811260127	Urban1	528	1920	297	1080	7	Validation	0.7	0.7										1.01	10.35	37.63	0.39	4.03	14.65	0.28	2.93	10.64
Recording5	201811260127	Urban1	528	1920	297	1080	8	Validation	0.3	0.3										0.84	8.77	31.88	0.11	1.14	4.13	0.1	1	3.62
Recording5	201811260127	Urban1	528	1920	297	1080	9	Validation	0.7	0.3										0.93	9.66	35.15	0.1	1.03	3.75	0.1	1	3.63
Recording6	201911081901	Urban0	528	1920	297	1080	1	Calibration	0.1	0.1	0.1	1.24	4.5	0.06	0.76	2.76	0.08	0.97	3.54									
Recording6	201911081901	Urban0	528	1920	297	1080	2	Calibration	0.9	0.1	2.33	27.89	101.41	3.75	43.07	156.61	4.84	55.48	201.73									
Recording6	201911081901	Urban0	528	1920	297	1080	3	Calibration	0.5	0.5	0.08	0.8	2.92	0.09	0.92	3.34	0.1	1.08	3.94									
Recording6	201911081901	Urban0	528	1920	297	1080	4	Calibration	0.1	0.9	0.05	0.59	2.14	0.07	0.84	3.04	0.1	1.18	4.31									
Recording6	201911081901	Urban0	528	1920	297	1080	5	Calibration	0.9	0.9	0.04	0.43	1.57	0.07	0.85	3.11	0.08	1	3.65									
Recording6	201911081901	Urban0	528	1920	297	1080	6	Validation	0.3	0.7										0.21	2.33	8.48	0.09	0.98	3.57	0.09	0.98	3.56
Recording6	201911081901	Urban0	528	1920	297	1080	7	Validation	0.7	0.3										0.33	3.56	12.96	0.08	0.85	3.1	0.09	1.01	3.68
Recording6	201911081901	Urban0	528	1920	297	1080	8	Validation	0.3	0.3										0.54	5.89	21.43	0.15	1.61	5.84	0.12	1.33	4.85
Recording6	201911081901	Urban0	528	1920	297	1080	9	Validation	0.7	0.7										0.35	3.88	14.09	0.18	1.98	7.22	0.08	0.91	3.31
Recording7	202011051015	Urban0	528	1920	297	1080	1	Calibration	0.1	0.1	0.36	4.01	14.6	0.07	0.83	3.03	0.09	1.07	3.9									
Recording7	202011051015	Urban0	528	1920	297	1080	2	Calibration	0.9	0.1	0.28	3.21	11.67	0.07	0.81	2.96	0.11	1.24	4.49									
Recording7	202011051015	Urban0	528	1920	297	1080	3	Calibration	0.5	0.5	0.06	0.63	2.28	0.1	1.07	3.9	0.11	1.18	4.28									
Recording7	202011051015	Urban0	528	1920	297	1080	4	Calibration	0.1	0.9	0.31	3.55	12.9	0.09	1.07	3.89	0.12	1.42	5.16									
Recording7	202011051015	Urban0	528	1920	297	1080	5	Calibration	0.9	0.9	0.27	3.08	11.21	0.09	1.07	3.89	0.12	1.48	5.37									
Recording7	202011051015	Urban0	528	1920	297	1080	6	Validation	0.3	0.3										0.52	5.52	20.08	0.21	2.19	7.95	0.15	1.56	5.67
Recording7	202011051015	Urban0	528	1920	297	1080	7	Validation	0.7	0.3										0.47	5.15	18.73	0.12	1.27	4.63	0.12	1.26	4.58
Recording7	202011051015	Urban0	528	1920	297	1080	8	Validation	0.3	0.7										0.56	6	21.8	0.11	1.2	4.35	0.13	1.44	5.24
Recording7	202011051015	Urban0	528	1920	297	1080	9	Validation	0.7	0.7										1.11	11.86	43.14	0.13	1.44	5.24	0.12	1.28	4.66
Recording8	202011180030	Urban1	528	1920	297	1080	1	Calibration	0.1	0.1	0.26	2.91	10.59	0.05	0.62	2.24	0.06	0.72	2.62									
Recording8	202011180030	Urban1	528	1920	297	1080	2	Calibration	0.9	0.1	0.3	3.41	12.4	0.05	0.62	2.26	0.07	0.82	2.99									
Recording8	202011180030	Urban1	528	1920	297	1080	3	Calibration	0.5	0.5	0.09	0.96	3.48	0.06	0.58	2.11	0.07	0.73	2.64									
Recording8	202011180030	Urban1	528	1920	297	1080	4	Calibration	0.1	0.9	0.18	1.99	7.23	0.06	0.71	2.57	0.07	0.86	3.11									
Recording8	202011180030	Urban1	528	1920	297	1080	5	Calibration	0.9	0.9	0.2	2.25	8.18	0.06	0.76	2.76	0.07	0.87	3.16									
Recording8	202011180030	Urban1	528	1920	297	1080	6	Validation	0.3	0.7										0.4	4.18	15.21	0.08	0.89	3.23	0.07	0.73	2.67
Recording8	202011180030	Urban1	528	1920	297	1080	7	Validation	0.3	0.3										0.32	3.37	12.24	0.43	4.55	16.54	0.35	3.64	13.24
Recording8	202011180030	Urban1	528	1920	297	1080	8	Validation	0.7	0.3										0.3	3.12	11.36	0.62	6.57	23.91	0.36	3.8	13.82
Recording8	202011180030	Urban1	528	1920	297	1080	9	Validation	0.7	0.7										0.37	3.89	14.13	0.09	0.98	3.55	0.06	0.68	2.49
Recording9	202021150005	Urban1	528	1920	297	1080	1	Calibration	0.1	0.1	0.02	0.22	0.81	0.28	3.01	10.95	0.38	4.14	15.06									
Recording9	202021150005	Urban1	528	1920	297	1080	2	Calibration	0.9	0.1	0.03	0.35	1.29	0.04	0.49	1.77	0.05	0.61	2.2									
Recording9	202021150005	Urban1	528	1920	297	1080	3	Calibration	0.5	0.5	0	0.04	0.13	0.12	1.22	4.44	0.16	1.55	5.64									
Recording9	202021150005	Urban1	528	1920	297	1080	4	Calibration	0.1	0.9	0.5	5.74	20.86	0.14	1.6	5.81	0.2	2.26	8.23									
Recording9	202021150005	Urban1	528	1920	297	1080	5	Calibration	0.9	0.9	0.36	4.25	15.44	0.66	7.68	27.92	0.28	3.23	11.75									
Recording9	202021150005	Urban1	528	1920	297	1080	6	Validation	0.3	0.3										0.71	7.07	25.72	0.23	2.33	8.48	0.1	0.99	3.62
Recording9	202021150005	Urban1	528	1920	297	1080	7	Validation	0.3	0.7										0.37	3.77	13.71	0.09	0.88	3.2	0.09	0.87	3.15
Recording9	202021150005	Urban1	528	1920	297	1080	8	Validation	0.7	0.7										0.36	3.7	13.44	0.09	0.88	3.21	0.08	0.87	3.17
Recording9	202021150005	Urban1	528	1920	297	1080	9	Validation	0.7	0.3										0.55	5.51	20.03	0.14	1.38	5.01	0.07	0.76	2.75
Recording10	202011061080	Urban0	528	1920	297	1080	1	Calibration	0.1	0.1	0.31	3.38	12.29	0.6	6.53	23.75	0.39	4.24	15.43									
Recording10	202011061080	Urban0	528	1920	297	1080	2	Calibration	0.9	0.1	0.29	3.07	11.16	0.22	2.46	8.96	0.12	1.31	4.76									
Recording10	202011061080	Urban0	528	1920	297	1080	3	Calibration	0.5	0.5	0.12	1.14	4.15	0.13	1.25	4.55	0.17	1.64	5.96									
Recording10	202011061080	Urban0	528	1920	297	1080	4	Calibration	0.1	0.9	0.18	1.88	6.84	0.11	1.25	4.53	0.15	1.69	6.13									
Recording10	202011061080	Urban0	528	1920	297	1080	5	Calibration	0.9	0.9	0.21	2.22	8.09	0.1	1.15	4.17	0.13	1.44	5.24									
Recording10	202011061080	Urban0	528	1920	297	1080	6	Validation	0.7	0.3										0.35	3.42	12.43	0.11	1.1	4.01	0.13	1.27	4.6
Recording10	202011061080	Urban0	528	1920	297	1080	7	Validation	0.3	0.7										0.71	6.94	25.25	0.29	2.83	10.28	0.15	1.52	5.53
Recording10	202011061080	Urban0	528	1920	297	1080	8	Validation	0.7	0.7										0.28	2.7	9.8	1.24	12.25	44.54	0.89	8.82	32.08
Recording10	202011061080	Urban0	528	1920	297	1080	9	Validation	0.3	0.3										0.35	3.48	12.65	0.25	2.45	8.9	0.14	1.39	5.05
Recording11	201711150917	Urban1	528	1920	297	1080	1	Calibration	0.1	0.1	0.22	2.49	9.04	0.1	1.18	4.29	0.14	1.59	5.78									
Recording11	201711150917	Urban1	528	1920	297	1080	2	Calibration	0.9	0.1	0.23	2.63	9.56	0.32	3.65	13.27	0.34	3.82	13.89									
Recording11	201711150917	Urban1	528	1920	297	1080	3	Calibration	0.5	0.5	0.07	0.74	2.68	0.18	1.86	6.75	0.27	2.77	10.06									
Recording11	201711150917	Urban1	528	1920	297	1080	4	Calibration	0.1	0.9	0.14	1.57	5.72	0.16	1.79	6.52	0.19	2.14	7.78									
Recording11	201711150917	Urban1	528	1920	297	1080	5	Calibration	0.9	0.9	0.13	1.51	5.48	0.17	1.99	7.24	0.24	2.8	10.18									
Recording11	201711150917	Urban1	528	1920	297	1080	6	Validation	0.3	0.3										0.37	3.87	14.06	0.25	2.6	9.44	0.22	2.27	8.24
Recording11	201711150917	Urban1	528	1920	297	1080	7	Validation	0.3	0.7										0.16	1.74	6.34	0.21	2.19	7.95	0.26	2.72	9.89
Recording11	201711150917	Urban1	528	1920	297	1080	8	Validation	0.7	0.3										0.73	7.72	28.06	0.12	1.3	4.74	0.14	1.49	5.43
Recording11	201711150917	Urban1	528	1920	297	1080	9	Validation	0.7	0.7										0.6	6.36	23.13	0.19	2.01	7.3	0.18	1.9	6.92
Recording12	201711160127	Urban1	528	1920	297	1080	1	Calibration	0.1	0.1	0.05	0.61	2.22	0.21	2.46	8.93	0.16	1.8	6.54									
Recording12	201711160127	Urban1	528	1920	297	1080	2	Calibration	0.9	0.1	0.02	0.19	0.69	0.07	0.85	3.1	0.09	1.09	3.96									
Recording12	201711160127	Urban1	528	1920	297	1080	3	Calibration	0.5	0.5	0.01	0.12	0.44	0.07	0.76	2.76	0.09	0.95	3.44									
Recording12	201711160127	Urban1	528	1920	297	1080	4	Calibration	0.1	0.9	0.28	3.39	12.33	1.4	16.75	60.91	1.48	17.62	64.06									
Recording12	201711160127	Urban1	528	1920	297	1080	5	Calibration	0.9	0.9	0.04	0.44	1.59	0.07	0.83	3.02	0.1	1.24	4.52									
Recording12	201711160127	Urban1	528	1920	297	1080	6	Validation	0.7	0.7										0.34	3.67	13.36	0.09	1.02	3.7	0.08	0.86	3.13
Recording12	201711160127	Urban1	528	1920	297	1080	7	Validation	0.3	0.3										0.13	1.34	4.89	0.14	1.5	5.45	0.13	1.41	5.12
Recording12	201711160127	Urban1	528	1920	297	1080	8	Validation	0.7	0.3										0.54	5.76	20.93	0.2	2.1	7.63	0.24	2.61	9.49
Recording12	201711160127	Urban1	528	1920	297	1080	9	Validation	0.3	0.7										0.22	2.32	8.43	0.86	9.13	33.21	0.13	1.44	5.24
Recording13	202011061037	Urban1	528	1920	297	1080	1	Calibration	0.1	0.1	0.48	5.6	20.36	0.1	1.17	4.24	0.1	1.23	4.46									
Recording13	202011061037	Urban1	528	1920	297	1080	2	Calibration	0.9	0.1	0.5	5.82	21.18	0.05	0.63	2.31	0.06	0.73	2.65									
Recording13	202011061037	Urban1	528	1920	297	1080	3	Calibration	0.5	0.5	0.16	1.67	6.08	0.1	1.12	4.08	0.12	1.25	4.56									
Recording13	202011061037	Urban1	528	1920	297	1080	4	Calibration	0.1	0.9	0.42	4.9	17.8	0.48	5.65	20.54	0.7	8.29	30.15									
Recording13	202011061037	Urban1	528	1920	297	1080	5	Calibration	0.9	0.9	0.39	4.51	16.4	0.13	1.56	5.67	0.18	2.1	7.63									
Recording13	202011061037	Urban1	528	1920	297	1080	6	Validation	0.7	0.7										1.42	16.02	58.27	0.11	1.22	4.45	0.12	1.34	4.88
Recording13	202011061037	Urban1	528	1920	297	1080	7	Validation	0.3	0.3										0.51	5.82	21.17	0.21	2.4	8.72	0.11	1.28	4.67
Recording13	202011061037	Urban1	528	1920	297	1080	8	Validation	0.7	0.3										0.73	8.4	30.53	0.2	2.26	8.22	0.11	1.3	4.74
Recording13	202011061037	Urban1	528	1920	297	1080	9	Validation	0.3	0.7										2.23	25.39	92.33	0.36	4.09	14.88	0.45	5.19	18.87
Recording14	201811031913	Urban0	528	1920	297	1080	1	Calibration	0.1	0.1	0.03	0.33	1.2	0.05	0.57	2.08	0.06	0.64	2.33									
Recording14	201811031913	Urban0	528	1920	297	1080	2	Calibration	0.9	0.1	0.06	0.7	2.53	0.08	0.97	3.52	0.08	0.95	3.46									
Recording14	201811031913	Urban0	528	1920	297	1080	3	Calibration	0.5	0.5	0	0.04	0.15	0.07	0.75	2.71	0.06	0.62	2.26									
Recording14	201811031913	Urban0	528	1920	297	1080	4	Calibration	0.1	0.9	0.03	0.33	1.19	0.05	0.57	2.08	0.06	0.64	2.32									
Recording14	201811031913	Urban0	528	1920	297	1080	5	Calibration	0.9	0.9	0.05	0.6	2.19	0.06	0.71	2.58	0.04	0.49	1.78									
Recording14	201811031913	Urban0	528	1920	297	1080	6	Validation	0.7	0.3										0.4	4.36	15.86	0.14	1.49	5.43	0.16	1.8	6.55
Recording14	201811031913	Urban0	528	1920	297	1080	7	Validation	0.3	0.3										0.13	1.44	5.24	0.21	2.27	8.24	0.06	0.68	2.49
Recording14	201811031913	Urban0	528	1920	297	1080	8	Validation	0.7	0.7										0.28	3.19	11.59	0.11	1.22	4.45	0.09	1	3.63
Recording14	201811031913	Urban0	528	1920	297	1080	9	Validation	0.3	0.7										0.3	3.21	11.66	0.12	1.3	4.71	0.07	0.76	2.75
Recording15	201711030133	Urban1	528	1920	297	1080	1	Calibration	0.1	0.1		1.66	6.04		0.75	2.72		1.07	3.9									
Recording15	201711030133	Urban1	528	1920	297	1080	2	Calibration	0.9	0.1		1.39	5.04		1.15	4.17		1.13	4.1									
Recording15	201711030133	Urban1	528	1920	297	1080	3	Calibration	0.5	0.5		0.88	3.19		0.7	2.55		0.95	3.46									
Recording15	201711030133	Urban1	528	1920	297	1080	4	Calibration	0.1	0.9		1.05	3.83		1.18	4.28		1.59	5.78									
Recording15	201711030133	Urban1	528	1920	297	1080	5	Calibration	0.9	0.9		0.91	3.31		0.78	2.83		1.05	3.83									
Recording15	201711030133	Urban1	528	1920	297	1080	6	Validation	0.3	0.3										0.34	3.68	13.38	0.07	0.8	2.89	0.09	0.95	3.45
Recording15	201711030133	Urban1	528	1920	297	1080	7	Validation	0.3	0.7										0.42	4.65	16.9	0.1	1.08	3.94	0.12	1.34	4.88
Recording15	201711030133	Urban1	528	1920	297	1080	8	Validation	0.7	0.7										0.16	1.79	6.5	0.23	2.52	9.17	0.12	1.36	4.94
Recording15	201711030133	Urban1	528	1920	297	1080	9	Validation	0.7	0.3										0.16	1.72	6.26	0.21	2.35	8.55	0.09	0.95	3.45
Recording16	201921150046	Urban1	528	1920	297	1080	1	Calibration	0.1	0.1	0.04	0.47	1.72	0.06	0.65	2.36	0.07	0.8	2.92									
Recording16	201921150046	Urban1	528	1920	297	1080	2	Calibration	0.9	0.1	0.11	1.22	4.44	0.04	0.49	1.77	0.05	0.64	2.34									
Recording16	201921150046	Urban1	528	1920	297	1080	3	Calibration	0.5	0.5	0.02	0.22	0.81	0.04	0.43	1.55	0.05	0.56	2.03									
Recording16	201921150046	Urban1	528	1920	297	1080	4	Calibration	0.1	0.9	0.05	0.58	2.13	0.04	0.43	1.55	0.05	0.64	2.34									
Recording16	201921150046	Urban1	528	1920	297	1080	5	Calibration	0.9	0.9	0.06	0.72	2.6	0.05	0.55	1.99	0.04	0.52	1.9									
Recording16	201921150046	Urban1	528	1920	297	1080	6	Validation	0.3	0.7										0.26	2.78	10.11	0.12	1.25	4.54	0.06	0.62	2.26
Recording16	201921150046	Urban1	528	1920	297	1080	7	Validation	0.7	0.3										0.04	0.42	1.53	0.08	0.92	3.33	0.05	0.49	1.8
Recording16	201921150046	Urban1	528	1920	297	1080	8	Validation	0.7	0.7										0.23	2.5	9.1	0.1	1.12	4.09	0.05	0.6	2.17
Recording16	201921150046	Urban1	528	1920	297	1080	9	Validation	0.3	0.3										0.16	1.8	6.54	0.06	0.66	2.41	0.04	0.48	1.75
Recording17	201911061189	Urban0	528	1920	297	1080	1	Calibration	0.1	0.1	0.1	1.11	4.04	0.06	0.64	2.31	0.07	0.74	2.71									
Recording17	201911061189	Urban0	528	1920	297	1080	2	Calibration	0.9	0.1	0.13	1.45	5.26	0.05	0.63	2.31	0.05	0.58	2.11									
Recording17	201911061189	Urban0	528	1920	297	1080	3	Calibration	0.5	0.5	0.06	0.57	2.06	0.04	0.4	1.45	0.05	0.48	1.74									
Recording17	201911061189	Urban0	528	1920	297	1080	4	Calibration	0.1	0.9	0.08	0.9	3.28	0.05	0.53	1.93	0.06	0.67	2.43									
Recording17	201911061189	Urban0	528	1920	297	1080	5	Calibration	0.9	0.9	0.08	0.9	3.29	0.03	0.4	1.47	0.04	0.52	1.89									
Recording17	201911061189	Urban0	528	1920	297	1080	6	Validation	0.7	0.7										0.26	2.82	10.27	0.06	0.63	2.29	0.04	0.38	1.39
Recording17	201911061189	Urban0	528	1920	297	1080	7	Validation	0.7	0.3										0.28	2.88	10.47	0.1	1.09	3.95	0.05	0.48	1.73
Recording17	201911061189	Urban0	528	1920	297	1080	8	Validation	0.3	0.7										0.14	1.51	5.48	0.05	0.54	1.97	0.04	0.45	1.65
Recording17	201911061189	Urban0	528	1920	297	1080	9	Validation	0.3	0.3										0.3	3.07	11.16	0.08	0.85	3.09	0.07	0.75	2.73
Recording18	201711061134	Urban0	528	1920	297	1080	1	Calibration	0.1	0.1	0.09	1	3.64	0.1	1.09	3.96	0.08	0.95	3.45									
Recording18	201711061134	Urban0	528	1920	297	1080	2	Calibration	0.9	0.1	0.24	2.74	9.96	0.05	0.64	2.33	0.06	0.67	2.44									
Recording18	201711061134	Urban0	528	1920	297	1080	3	Calibration	0.5	0.5	0.04	0.42	1.53	0.05	0.54	1.97	0.06	0.6	2.18									
Recording18	201711061134	Urban0	528	1920	297	1080	4	Calibration	0.1	0.9	0.06	0.74	2.7	0.18	2.15	7.81	0.19	2.21	8.04									
Recording18	201711061134	Urban0	528	1920	297	1080	5	Calibration	0.9	0.9	0.2	2.43	8.84	0.42	5.02	18.26	0.53	6.32	22.99									
Recording18	201711061134	Urban0	528	1920	297	1080	6	Validation	0.7	0.7										0.61	6.63	24.12	0.29	3.14	11.43	0.28	2.97	10.78
Recording18	201711061134	Urban0	528	1920	297	1080	7	Validation	0.3	0.7										0.92	9.86	35.84	0.37	3.96	14.42	0.5	5.4	19.64
Recording18	201711061134	Urban0	528	1920	297	1080	8	Validation	0.3	0.3										0.56	5.97	21.69	1.48	16.16	58.77	1.99	21.77	79.16
Recording18	201711061134	Urban0	528	1920	297	1080	9	Validation	0.7	0.3										0.59	6.3	22.92	0.14	1.45	5.27	0.05	0.5	1.81
Recording19	201811200150	Urban0	528	1920	297	1080	1	Calibration	0.1	0.1	0.22	2.38	8.67	0.07	0.82	2.99	0.09	1.03	3.74									
Recording19	201811200150	Urban0	528	1920	297	1080	2	Calibration	0.9	0.1	0.17	1.87	6.8	0.11	1.22	4.43	0.12	1.34	4.86									
Recording19	201811200150	Urban0	528	1920	297	1080	3	Calibration	0.5	0.5	0.07	0.72	2.6	0.12	1.23	4.46	0.17	1.75	6.37									
Recording19	201811200150	Urban0	528	1920	297	1080	4	Calibration	0.1	0.9	0.22	2.41	8.78	0.12	1.34	4.85	0.11	1.29	4.68									
Recording19	201811200150	Urban0	528	1920	297	1080	5	Calibration	0.9	0.9	0.17	1.93	7.03	0.1	1.18	4.3	0.13	1.5	5.44									
Recording19	201811200150	Urban0	528	1920	297	1080	6	Validation	0.7	0.3										0.44	4.58	16.66	0.12	1.21	4.41	0.15	1.59	5.77
Recording19	201811200150	Urban0	528	1920	297	1080	7	Validation	0.3	0.7										0.33	3.43	12.48	0.09	0.96	3.49	0.08	0.86	3.11
Recording19	201811200150	Urban0	528	1920	297	1080	8	Validation	0.3	0.3										0.52	5.41	19.66	0.1	1.09	3.95	0.11	1.12	4.07
Recording19	201811200150	Urban0	528	1920	297	1080	9	Validation	0.7	0.7										0.35	3.69	13.41	0.08	0.88	3.22	0.1	1.01	3.66
Recording20	202011100111	Urban1	528	1920	297	1080	1	Calibration	0.1	0.1	0.87	9.47	34.45	0.7	7.63	27.75	0.52	5.76	20.93									
Recording20	202011100111	Urban1	528	1920	297	1080	2	Calibration	0.9	0.1	0.21	2.28	8.28	0.07	0.84	3.06	0.1	1.1	3.99									
Recording20	202011100111	Urban1	528	1920	297	1080	3	Calibration	0.5	0.5		0.97	3.54		0.64	2.35		0.8	2.92									
Recording20	202011100111	Urban1	528	1920	297	1080	4	Calibration	0.1	0.9		2.66	9.67		0.96	3.48		1.14	4.16									
Recording20	202011100111	Urban1	528	1920	297	1080	5	Calibration	0.9	0.9		2.17	7.88		1.65	6.01		1.37	4.98									
Recording20	202011100111	Urban1	528	1920	297	1080	6	Validation	0.7	0.7										0.53	5.57	20.26	0.19	1.99	7.25	0.18	1.9	6.92
Recording20	202011100111	Urban1	528	1920	297	1080	7	Validation	0.3	0.3										1.91	19.65	71.47	5.66	68.77	250.07	4.08	52.69	191.61
Recording20	202011100111	Urban1	528	1920	297	1080	8	Validation	0.7	0.3										2.96	30.48	110.82	5.19	52.39	190.51	5.19	52.02	189.17
Recording20	202011100111	Urban1	528	1920	297	1080	9	Validation	0.3	0.7										0.12	1.25	4.53	0.25	2.62	9.53	0.3	3.12	11.36
Recording21	201911100165	Urban1	528	1920	297	1080	1	Calibration	0.1	0.1	0.14	1.45	5.28	0.55	5.82	21.15	0.79	8.4	30.55									
Recording21	201911100165	Urban1	528	1920	297	1080	2	Calibration	0.9	0.1	0.12	1.3	4.71	0.04	0.45	1.64	0.06	0.64	2.32									
Recording21	201911100165	Urban1	528	1920	297	1080	3	Calibration	0.5	0.5	0.09	0.81	2.95	0.1	0.95	3.46	0.09	0.88	3.21									
Recording21	201911100165	Urban1	528	1920	297	1080	4	Calibration	0.1	0.9	0.07	0.77	2.8	0.06	0.61	2.21	0.08	0.83	3.01									
Recording21	201911100165	Urban1	528	1920	297	1080	5	Calibration	0.9	0.9	0.14	1.67	6.06	2.25	25.34	92.15	0.26	2.94	10.69									
Recording21	201911100165	Urban1	528	1920	297	1080	6	Validation	0.7	0.7										1.24	12.18	44.31	0.58	5.68	20.64	0.34	3.35	12.18
Recording21	201911100165	Urban1	528	1920	297	1080	7	Validation	0.7	0.3										0.39	3.9	14.19	0.68	6.64	24.15	0.66	6.53	23.74
Recording21	201911100165	Urban1	528	1920	297	1080	8	Validation	0.3	0.3										0.51	4.99	18.13	0.08	0.77	2.79	0.07	0.67	2.44
Recording21	201911100165	Urban1	528	1920	297	1080	9	Validation	0.3	0.7										0.54	5.22	18.97	0.44	4.23	15.37	0.22	2.16	7.86
Recording22	202011998115	Urban1	528	1920	297	1080	1	Calibration	0.1	0.1	0.29	3.34	12.13	0.06	0.7	2.55	0.08	0.91	3.31									
Recording22	202011998115	Urban1	528	1920	297	1080	2	Calibration	0.9	0.1	0.25	2.92	10.62	0.08	0.9	3.29	0.09	1.06	3.87									
Recording22	202011998115	Urban1	528	1920	297	1080	3	Calibration	0.5	0.5	0.1	1.1	3.99	0.12	1.32	4.79	0.09	0.96	3.5									
Recording22	202011998115	Urban1	528	1920	297	1080	4	Calibration	0.1	0.9	0.25	2.94	10.71	0.06	0.72	2.63	0.07	0.83	3.04									
Recording22	202011998115	Urban1	528	1920	297	1080	5	Calibration	0.9	0.9	0.21	2.5	9.08	0.06	0.77	2.81	0.07	0.87	3.17									
Recording22	202011998115	Urban1	528	1920	297	1080	6	Validation	0.7	0.3										0.15	1.64	5.95	0.08	0.84	3.07	0.05	0.59	2.13
Recording22	202011998115	Urban1	528	1920	297	1080	7	Validation	0.7	0.7										0.62	6.74	24.53	0.29	3.28	11.93	0.18	2.02	7.33
Recording22	202011998115	Urban1	528	1920	297	1080	8	Validation	0.3	0.7										1.02	11.2	40.74	0.13	1.47	5.33	0.06	0.68	2.46
Recording22	202011998115	Urban1	528	1920	297	1080	9	Validation	0.3	0.3										0.52	5.67	20.62	0.08	0.91	3.32	0.07	0.73	2.67
Recording23	201911120161	Urban0	528	1920	297	1080	1	Calibration	0.1	0.1	0.26	2.71	9.85	0.15	1.6	5.81	0.2	2.18	7.91									
Recording23	201911120161	Urban0	528	1920	297	1080	2	Calibration	0.9	0.1	0.2	2.1	7.64	0.05	0.58	2.13	0.07	0.74	2.71									
Recording23	201911120161	Urban0	528	1920	297	1080	3	Calibration	0.5	0.5	0.12	1.13	4.1	0.1	0.99	3.59	0.08	0.8	2.91									
Recording23	201911120161	Urban0	528	1920	297	1080	4	Calibration	0.1	0.9	0.24	2.6	9.44	0.12	1.34	4.87	0.17	1.82	6.62									
Recording23	201911120161	Urban0	528	1920	297	1080	5	Calibration	0.9	0.9		1.32	4.78		0.92	3.35		0.86	3.13									
Recording23	201911120161	Urban0	528	1920	297	1080	6	Validation	0.7	0.3										1.22	12.77	46.43	0.65	6.78	24.66	0.76	7.96	28.96
Recording23	201911120161	Urban0	528	1920	297	1080	7	Validation	0.3	0.7										0.72	7.55	27.44	0.32	3.39	12.34	0.08	0.86	3.13
Recording23	201911120161	Urban0	528	1920	297	1080	8	Validation	0.7	0.7										1.02	10.64	38.69	0.4	4.16	15.13	0.07	0.76	2.78
Recording23	201911120161	Urban0	528	1920	297	1080	9	Validation	0.3	0.3										0.59	6.11	22.22	0.19	1.94	7.04	0.22	2.26	8.22
Recording24	201911120160	Urban1	528	1920	297	1080	1	Calibration	0.1	0.1	0.16	1.76	6.4	0.07	0.8	2.89	0.09	0.96	3.5									
Recording24	201911120160	Urban1	528	1920	297	1080	2	Calibration	0.9	0.1	0.24	2.62	9.51	0.06	0.63	2.3	0.08	0.89	3.25									
Recording24	201911120160	Urban1	528	1920	297	1080	3	Calibration	0.5	0.5	0.08	0.76	2.78	0.08	0.77	2.81	0.09	0.92	3.33									
Recording24	201911120160	Urban1	528	1920	297	1080	4	Calibration	0.1	0.9	0.1	1.12	4.08	0.06	0.72	2.62	0.09	1.02	3.7									
Recording24	201911120160	Urban1	528	1920	297	1080	5	Calibration	0.9	0.9	0.14	1.57	5.72	0.09	1.04	3.77	0.12	1.38	5.01									
Recording24	201911120160	Urban1	528	1920	297	1080	6	Validation	0.7	0.7										0.23	2.39	8.71	0.1	0.99	3.61	0.1	1.06	3.87
Recording24	201911120160	Urban1	528	1920	297	1080	7	Validation	0.3	0.3										0.36	3.74	13.59	0.1	1.07	3.88	0.1	0.98	3.57
Recording24	201911120160	Urban1	528	1920	297	1080	8	Validation	0.7	0.3										0.44	4.6	16.73	0.75	7.74	28.15	0.93	9.73	35.4
Recording24	201911120160	Urban1	528	1920	297	1080	9	Validation	0.3	0.7										0.27	2.77	10.06	0.08	0.88	3.19	0.1	1.08	3.91
Recording25	202021050022	Urban0	528	1920	297	1080	1	Calibration	0.1	0.1	0.08	0.86	3.12	0.12	1.36	4.94	0.09	1.08	3.94									
Recording25	202021050022	Urban0	528	1920	297	1080	2	Calibration	0.9	0.1	0.02	0.27	0.98	0.04	0.5	1.82	0.06	0.68	2.47									
Recording25	202021050022	Urban0	528	1920	297	1080	3	Calibration	0.5	0.5	0.03	0.33	1.2	0.13	1.41	5.13	0.1	1.11	4.03									
Recording25	202021050022	Urban0	528	1920	297	1080	4	Calibration	0.1	0.9	0.05	0.54	1.97	0.05	0.6	2.19	0.05	0.64	2.32									
Recording25	202021050022	Urban0	528	1920	297	1080	5	Calibration	0.9	0.9	0.03	0.38	1.36	0.03	0.38	1.38	0.04	0.53	1.93									
Recording25	202021050022	Urban0	528	1920	297	1080	6	Validation	0.3	0.3										0.22	2.4	8.72	0.06	0.71	2.57	0.04	0.46	1.67
Recording25	202021050022	Urban0	528	1920	297	1080	7	Validation	0.7	0.7										0.16	1.79	6.51	0.08	0.84	3.05	0.06	0.65	2.37
Recording25	202021050022	Urban0	528	1920	297	1080	8	Validation	0.3	0.7										0.27	2.97	10.81	0.14	1.5	5.47	0.05	0.56	2.05
Recording25	202021050022	Urban0	528	1920	297	1080	9	Validation	0.7	0.3										0.08	0.84	3.06	0.04	0.45	1.65	0.04	0.46	1.67
Recording26	202011998064	Urban1	528	1920	297	1080	1	Calibration	0.1	0.1	0.11	1.29	4.71	0.46	5.15	18.73	0.3	3.37	12.27									
Recording26	202011998064	Urban1	528	1920	297	1080	2	Calibration	0.9	0.1	0.05	0.57	2.08	0.05	0.6	2.19	0.05	0.53	1.91									
Recording26	202011998064	Urban1	528	1920	297	1080	3	Calibration	0.5	0.5	0.11	1.17	4.25	0.52	5.33	19.38	0.59	6.04	21.96									
Recording26	202011998064	Urban1	528	1920	297	1080	4	Calibration	0.1	0.9	0.09	1.05	3.82	0.52	6.16	22.42	0.26	3.08	11.2									
Recording26	202011998064	Urban1	528	1920	297	1080	5	Calibration	0.9	0.9	0.07	0.82	2.98	0.07	0.73	2.67	0.06	0.69	2.5									
Recording26	202011998064	Urban1	528	1920	297	1080	6	Validation	0.3	0.7										0.52	5.62	20.45	0.29	3.12	11.33	0.04	0.43	1.56
Recording26	202011998064	Urban1	528	1920	297	1080	7	Validation	0.7	0.7										0.73	7.64	27.77	0.1	1.11	4.02	0.05	0.51	1.84
Recording26	202011998064	Urban1	528	1920	297	1080	8	Validation	0.3	0.3										0.79	8.23	29.92	0.73	7.6	27.65	0.48	5	18.17
Recording26	202011998064	Urban1	528	1920	297	1080	9	Validation	0.7	0.3										0.43	4.55	16.53	0.09	0.9	3.28	0.05	0.53	1.94
Recording27	201711061164	Urban0	528	1920	297	1080	1	Calibration	0.1	0.1	0.17	1.96	7.11	0.18	2.08	7.56	0.12	1.35	4.89									
Recording27	201711061164	Urban0	528	1920	297	1080	2	Calibration	0.9	0.1	0.02	0.26	0.94	0.06	0.7	2.56	0.06	0.63	2.31									
Recording27	201711061164	Urban0	528	1920	297	1080	3	Calibration	0.5	0.5	0.03	0.27	0.97	0.06	0.6	2.2	0.06	0.63	2.3									
Recording27	201711061164	Urban0	528	1920	297	1080	4	Calibration	0.1	0.9	0.04	0.5	1.81	0.15	1.63	5.93	0.12	1.27	4.6									
Recording27	201711061164	Urban0	528	1920	297	1080	5	Calibration	0.9	0.9	0.04	0.43	1.56	0.05	0.55	2	0.05	0.58	2.11									
Recording27	201711061164	Urban0	528	1920	297	1080	6	Validation	0.3	0.3										0.86	8.7	31.65	0.12	1.18	4.29	0.05	0.48	1.75
Recording27	201711061164	Urban0	528	1920	297	1080	7	Validation	0.3	0.7										1.06	10.85	39.45	0.07	0.75	2.72	0.05	0.5	1.81
Recording27	201711061164	Urban0	528	1920	297	1080	8	Validation	0.7	0.3										0.99	9.99	36.32	0.09	0.87	3.15	0.05	0.56	2.02
Recording27	201711061164	Urban0	528	1920	297	1080	9	Validation	0.7	0.7										0.71	7.28	26.48	0.09	0.89	3.24	0.05	0.52	1.87
Recording28	202011160005	Urban1	528	1920	297	1080	1	Calibration	0.1	0.1	0.19	2.12	7.69	0.05	0.61	2.21	0.07	0.84	3.06									
Recording28	202011160005	Urban1	528	1920	297	1080	2	Calibration	0.9	0.1	0.17	1.88	6.82	0.04	0.51	1.86	0.07	0.77	2.8									
Recording28	202011160005	Urban1	528	1920	297	1080	3	Calibration	0.5	0.5	0.06	0.55	2.01	0.06	0.62	2.24	0.08	0.79	2.87									
Recording28	202011160005	Urban1	528	1920	297	1080	4	Calibration	0.1	0.9	0.15	1.62	5.89	0.1	1.07	3.88	0.07	0.82	2.98									
Recording28	202011160005	Urban1	528	1920	297	1080	5	Calibration	0.9	0.9	0.1	1.08	3.92	0.07	0.81	2.93	0.09	1.02	3.7									
Recording28	202011160005	Urban1	528	1920	297	1080	6	Validation	0.7	0.3										0.62	6.38	23.18	0.07	0.7	2.54	0.07	0.7	2.56
Recording28	202011160005	Urban1	528	1920	297	1080	7	Validation	0.3	0.3										0.13	1.35	4.92	0.05	0.56	2.02	0.06	0.64	2.33
Recording28	202011160005	Urban1	528	1920	297	1080	8	Validation	0.7	0.7										0.67	6.96	25.31	0.08	0.82	2.96	0.09	0.88	3.21
Recording28	202011160005	Urban1	528	1920	297	1080	9	Validation	0.3	0.7										0.15	1.54	5.6	0.09	0.93	3.37	0.11	1.11	4.02
Recording29	202031061046	Urban1	528	1920	297	1080	1	Calibration	0.1	0.1	0.02	0.21	0.76	0.12	1.47	5.35	0.09	1.11	4.03									
Recording29	202031061046	Urban1	528	1920	297	1080	2	Calibration	0.9	0.1	0	0.04	0.15	0.04	0.53	1.92	0.05	0.57	2.08									
Recording29	202031061046	Urban1	528	1920	297	1080	3	Calibration	0.5	0.5	0	0.04	0.16	0.06	0.62	2.27	0.05	0.58	2.1									
Recording29	202031061046	Urban1	528	1920	297	1080	4	Calibration	0.1	0.9	0.01	0.17	0.63	0.06	0.73	2.67	0.06	0.68	2.46									
Recording29	202031061046	Urban1	528	1920	297	1080	5	Calibration	0.9	0.9	0.02	0.23	0.84	0.03	0.37	1.35	0.04	0.46	1.66									
Recording29	202031061046	Urban1	528	1920	297	1080	6	Validation	0.7	0.3										0.32	3.57	12.99	0.1	1.1	4	0.04	0.47	1.72
Recording29	202031061046	Urban1	528	1920	297	1080	7	Validation	0.3	0.7										0.03	0.33	1.21	0.12	1.29	4.68	0.06	0.65	2.35
Recording29	202031061046	Urban1	528	1920	297	1080	8	Validation	0.7	0.7										0.22	2.42	8.82	0.11	1.17	4.25	0.06	0.71	2.58
Recording29	202031061046	Urban1	528	1920	297	1080	9	Validation	0.3	0.3										0.19	2.01	7.32	0.64	6.8	24.72	0.49	5.2	18.92
Recording30	201811200118	Urban0	528	1920	297	1080	1	Calibration	0.1	0.1	0.12	1.32	4.8	0.1	1.2	4.36	0.1	1.18	4.3									
Recording30	201811200118	Urban0	528	1920	297	1080	2	Calibration	0.9	0.1	0.05	0.57	2.07	0.06	0.64	2.32	0.05	0.61	2.2									
Recording30	201811200118	Urban0	528	1920	297	1080	3	Calibration	0.5	0.5	0.03	0.33	1.21	0.04	0.46	1.68	0.05	0.47	1.71									
Recording30	201811200118	Urban0	528	1920	297	1080	4	Calibration	0.1	0.9	0.06	0.64	2.31	0.08	0.93	3.38	0.09	1.03	3.75									
Recording30	201811200118	Urban0	528	1920	297	1080	5	Calibration	0.9	0.9	0.04	0.45	1.64	0.05	0.58	2.12	0.04	0.48	1.73									
Recording30	201811200118	Urban0	528	1920	297	1080	6	Validation	0.7	0.3										0.12	1.28	4.67	0.14	1.49	5.41	0.04	0.44	1.58
Recording30	201811200118	Urban0	528	1920	297	1080	7	Validation	0.3	0.7										0.38	4.09	14.87	0.09	0.98	3.58	0.05	0.5	1.81
Recording30	201811200118	Urban0	528	1920	297	1080	8	Validation	0.3	0.3										0.37	3.82	13.89	0.17	1.8	6.53	0.09	0.91	3.32
Recording30	201811200118	Urban0	528	1920	297	1080	9	Validation	0.7	0.7										0.14	1.44	5.24	0.13	1.34	4.87	0.05	0.51	1.87
Recording31	202011260026	Urban0	528	1920	297	1080	1	Calibration	0.1	0.1	0.12	1.33	4.84	0.05	0.53	1.93	0.05	0.56	2.02									
Recording31	202011260026	Urban0	528	1920	297	1080	2	Calibration	0.9	0.1	0.12	1.33	4.83	0.04	0.48	1.74	0.05	0.61	2.21									
Recording31	202011260026	Urban0	528	1920	297	1080	3	Calibration	0.5	0.5	0.07	0.7	2.55	0.05	0.54	1.96	0.06	0.62	2.27									
Recording31	202011260026	Urban0	528	1920	297	1080	4	Calibration	0.1	0.9	0.08	0.87	3.16	0.05	0.59	2.14	0.05	0.61	2.2									
Recording31	202011260026	Urban0	528	1920	297	1080	5	Calibration	0.9	0.9	0.04	0.42	1.54	0.05	0.54	1.97	0.05	0.59	2.16									
Recording31	202011260026	Urban0	528	1920	297	1080	6	Validation	0.7	0.7										0.71	7.57	27.53	0.1	1.1	4.01	0.06	0.6	2.17
Recording31	202011260026	Urban0	528	1920	297	1080	7	Validation	0.7	0.3										0.91	9.56	34.77	0.29	3.09	11.23	0.04	0.46	1.69
Recording31	202011260026	Urban0	528	1920	297	1080	8	Validation	0.3	0.3										0.3	3.09	11.23	1.02	10.59	38.51	1.26	12.95	47.1
Recording31	202011260026	Urban0	528	1920	297	1080	9	Validation	0.3	0.7										0.32	3.33	12.1	0.06	0.63	2.28	0.05	0.54	1.98
Recording32	201911080266	Urban1	528	1920	297	1080	1	Calibration	0.1	0.1	0.08	0.94	3.4	0.05	0.6	2.16	0.06	0.77	2.79									
Recording32	201911080266	Urban1	528	1920	297	1080	2	Calibration	0.9	0.1	0.12	1.38	5.03	0.05	0.62	2.25	0.07	0.8	2.92									
Recording32	201911080266	Urban1	528	1920	297	1080	3	Calibration	0.5	0.5	0.04	0.39	1.4	0.08	0.84	3.05	0.09	0.99	3.59									
Recording32	201911080266	Urban1	528	1920	297	1080	4	Calibration	0.1	0.9	0.05	0.65	2.36	0.08	1	3.63	0.07	0.89	3.23									
Recording32	201911080266	Urban1	528	1920	297	1080	5	Calibration	0.9	0.9	0.06	0.77	2.79	0.18	2.15	7.81	0.11	1.4	5.08									
Recording32	201911080266	Urban1	528	1920	297	1080	6	Validation	0.3	0.3										0.14	1.53	5.58	0.1	1.16	4.22	0.08	0.87	3.16
Recording32	201911080266	Urban1	528	1920	297	1080	7	Validation	0.7	0.7										0.29	3.23	11.75	0.69	7.73	28.09	0.5	5.71	20.78
Recording32	201911080266	Urban1	528	1920	297	1080	8	Validation	0.7	0.3										0.13	1.48	5.37	0.6	6.52	23.7	0.27	2.95	10.74
Recording32	201911080266	Urban1	528	1920	297	1080	9	Validation	0.3	0.7										0.45	5.15	18.72	0.06	0.71	2.59	0.07	0.78	2.84
Recording33	201811200120	Urban0	528	1920	297	1080	1	Calibration	0.1	0.1	0.19	2.25	8.17	0.07	0.86	3.13	0.11	1.27	4.62									
Recording33	201811200120	Urban0	528	1920	297	1080	2	Calibration	0.9	0.1	0.19	2.23	8.1	0.1	1.14	4.14	0.11	1.34	4.88									
Recording33	201811200120	Urban0	528	1920	297	1080	3	Calibration	0.5	0.5	0.08	0.86	3.12	0.11	1.16	4.21	0.12	1.28	4.66									
Recording33	201811200120	Urban0	528	1920	297	1080	4	Calibration	0.1	0.9	0.93	11.48	41.76	2.21	28.16	102.39	1.71	22.48	81.76									
Recording33	201811200120	Urban0	528	1920	297	1080	5	Calibration	0.9	0.9	0.39	4.83	17.58	2.01	24.75	90	1.49	18.66	67.87									
Recording33	201811200120	Urban0	528	1920	297	1080	6	Validation	0.3	0.3										0.19	2.15	7.81	0.44	4.92	17.9	0.39	4.27	15.54
Recording33	201811200120	Urban0	528	1920	297	1080	7	Validation	0.7	0.3										0.21	2.38	8.65	0.13	1.47	5.34	0.1	1.14	4.14
Recording33	201811200120	Urban0	528	1920	297	1080	8	Validation	0.7	0.7										0.58	6.52	23.7	0.13	1.51	5.5	0.1	1.17	4.26
Recording33	201811200120	Urban0	528	1920	297	1080	9	Validation	0.3	0.7										0.57	6.43	23.39	0.14	1.59	5.79	0.12	1.32	4.81
Recording34	201711140916	Urban0	528	1920	297	1080	1	Calibration	0.1	0.1	0.19	2.08	7.57	0.1	1.18	4.3	0.08	0.97	3.53									
Recording34	201711140916	Urban0	528	1920	297	1080	2	Calibration	0.9	0.1	0.18	2.02	7.33	0.07	0.77	2.81	0.07	0.75	2.72									
Recording34	201711140916	Urban0	528	1920	297	1080	3	Calibration	0.5	0.5	0.04	0.44	1.61	0.09	0.86	3.12	0.13	1.26	4.58									
Recording34	201711140916	Urban0	528	1920	297	1080	4	Calibration	0.1	0.9	0.14	1.58	5.74	0.08	0.88	3.19	0.09	1.07	3.9									
Recording34	201711140916	Urban0	528	1920	297	1080	5	Calibration	0.9	0.9	0.17	1.94	7.07	0.32	3.74	13.59	0.38	4.35	15.8									
Recording34	201711140916	Urban0	528	1920	297	1080	6	Validation	0.7	0.3										0.18	1.81	6.57	0.61	6.13	22.29	0.26	2.64	9.61
Recording34	201711140916	Urban0	528	1920	297	1080	7	Validation	0.3	0.3										0.16	1.66	6.05	0.08	0.78	2.84	0.09	0.92	3.34
Recording34	201711140916	Urban0	528	1920	297	1080	8	Validation	0.7	0.7										0.5	5.06	18.4	0.1	1.04	3.77	0.09	0.92	3.35
Recording34	201711140916	Urban0	528	1920	297	1080	9	Validation	0.3	0.7										0.24	2.47	8.97	0.11	1.12	4.05	0.13	1.32	4.8
Recording35	201811030511	Urban1	528	1920	297	1080	1	Calibration	0.1	0.1		1.01	3.69		2.23	8.1		2.82	10.24									
Recording35	201811030511	Urban1	528	1920	297	1080	2	Calibration	0.9	0.1	0.09	1.01	3.66	0.04	0.46	1.65	0.04	0.46	1.69									
Recording35	201811030511	Urban1	528	1920	297	1080	3	Calibration	0.5	0.5	0.02	0.22	0.79	0.05	0.56	2.03	0.05	0.53	1.93									
Recording35	201811030511	Urban1	528	1920	297	1080	4	Calibration	0.1	0.9	0.04	0.47	1.7	0.05	0.64	2.33	0.06	0.68	2.46									
Recording35	201811030511	Urban1	528	1920	297	1080	5	Calibration	0.9	0.9	0.05	0.6	2.2	0.05	0.63	2.31	0.05	0.59	2.13									
Recording35	201811030511	Urban1	528	1920	297	1080	6	Validation	0.3	0.7										0.24	2.61	9.5	0.19	2.06	7.49	0.05	0.5	1.83
Recording35	201811030511	Urban1	528	1920	297	1080	7	Validation	0.7	0.7										0.27	2.97	10.79	0.08	0.85	3.11	0.06	0.63	2.31
Recording35	201811030511	Urban1	528	1920	297	1080	8	Validation	0.7	0.3										0.14	1.53	5.56	0.15	1.62	5.89	0.04	0.47	1.7
Recording35	201811030511	Urban1	528	1920	297	1080	9	Validation	0.3	0.3										0.31	3.24	11.8	0.06	0.66	2.38	0.04	0.45	1.64
Recording36	202021150004	Urban0	528	1920	297	1080	1	Calibration	0.1	0.1	0.02	0.24	0.85	0.07	0.82	2.96	0.1	1.06	3.86									
Recording36	202021150004	Urban0	528	1920	297	1080	2	Calibration	0.9	0.1	0.04	0.42	1.54	0.04	0.4	1.45	0.04	0.49	1.8									
Recording36	202021150004	Urban0	528	1920	297	1080	3	Calibration	0.5	0.5		0.05	0.2		0.76	2.76		0.79	2.89									
Recording36	202021150004	Urban0	528	1920	297	1080	4	Calibration	0.1	0.9	10.69	117.25	426.38	7.56	80.39	292.31	3.84	40.51	147.3									
Recording36	202021150004	Urban0	528	1920	297	1080	5	Calibration	0.9	0.9	0.06	0.69	2.52	0.21	2.29	8.32	0.17	1.9	6.89									
Recording36	202021150004	Urban0	528	1920	297	1080	6	Validation	0.7	0.3										0.34	3.49	12.69	0.12	1.29	4.69	0.06	0.57	2.06
Recording36	202021150004	Urban0	528	1920	297	1080	7	Validation	0.3	0.3										0.3	3.16	11.49	0.18	1.8	6.53	0.05	0.47	1.72
Recording36	202021150004	Urban0	528	1920	297	1080	8	Validation	0.3	0.7										0.9	9.21	33.49	0.07	0.69	2.49	0.06	0.57	2.06
Recording36	202021150004	Urban0	528	1920	297	1080	9	Validation	0.7	0.7										0.53	5.62	20.43	0.13	1.4	5.09	0.07	0.77	2.8
Recording37	202021130045	Urban1	528	1920	297	1080	1	Calibration	0.1	0.1	0.08	0.79	2.87	0.09	0.96	3.48	0.1	1.02	3.71									
Recording37	202021130045	Urban1	528	1920	297	1080	2	Calibration	0.9	0.1	0.38	4.03	14.67	1.39	14.86	54.05	1.17	12.6	45.84									
Recording37	202021130045	Urban1	528	1920	297	1080	3	Calibration	0.5	0.5	0.05	0.47	1.7	0.06	0.56	2.04	0.06	0.61	2.22									
Recording37	202021130045	Urban1	528	1920	297	1080	4	Calibration	0.1	0.9	0.11	1.16	4.22	0.06	0.69	2.5	0.06	0.72	2.63									
Recording37	202021130045	Urban1	528	1920	297	1080	5	Calibration	0.9	0.9	0.05	0.56	2.03	0.04	0.48	1.75	0.05	0.63	2.3									
Recording37	202021130045	Urban1	528	1920	297	1080	6	Validation	0.3	0.3										0.58	5.8	21.08	0.08	0.81	2.94	0.06	0.6	2.18
Recording37	202021130045	Urban1	528	1920	297	1080	7	Validation	0.7	0.7										0.13	1.29	4.69	0.06	0.65	2.36	0.05	0.56	2.02
Recording37	202021130045	Urban1	528	1920	297	1080	8	Validation	0.3	0.7										0.47	4.85	17.65	0.93	9.72	35.35	0.41	4.3	15.64
Recording37	202021130045	Urban1	528	1920	297	1080	9	Validation	0.7	0.3										0.8	8.04	29.22	1.05	10.58	38.49	0.84	8.44	30.69
Recording39	202011998131	Urban1	528	1920	297	1080	1	Calibration	0.1	0.1	0.36	4.24	15.44	0.74	8.65	31.46	0.69	8.19	29.79									
Recording39	202011998131	Urban1	528	1920	297	1080	2	Calibration	0.9	0.1		9.64	35.05		26.2	95.27		31.85	115.82									
Recording39	202011998131	Urban1	528	1920	297	1080	3	Calibration	0.5	0.5	0.06	0.6	2.19	0.17	1.83	6.65	0.19	2.07	7.51									
Recording39	202011998131	Urban1	528	1920	297	1080	4	Calibration	0.1	0.9	0.21	2.46	8.95	0.15	1.76	6.39	0.19	2.21	8.05									
Recording39	202011998131	Urban1	528	1920	297	1080	5	Calibration	0.9	0.9	0.11	1.32	4.79	0.1	1.25	4.55	0.11	1.38	5.02									
Recording39	202011998131	Urban1	528	1920	297	1080	6	Validation	0.7	0.3										0.28	3.06	11.13	0.13	1.44	5.22	0.13	1.48	5.4
Recording39	202011998131	Urban1	528	1920	297	1080	7	Validation	0.3	0.3										0.59	6.69	24.32	0.32	3.58	13.02	0.18	2.04	7.43
Recording39	202011998131	Urban1	528	1920	297	1080	8	Validation	0.7	0.7										0.22	2.47	8.97	0.44	4.91	17.84	0.36	3.97	14.45
Recording39	202011998131	Urban1	528	1920	297	1080	9	Validation	0.3	0.7										0.4	4.49	16.33	0.77	8.73	31.74	0.73	8.26	30.03
Recording40	202011061107	Urban0	528	1920	297	1080	1	Calibration	0.1	0.1	0.32	3.66	13.31	0.08	0.9	3.29	0.08	0.98	3.55									
Recording40	202011061107	Urban0	528	1920	297	1080	2	Calibration	0.9	0.1	0.29	3.38	12.3	0.16	1.91	6.96	0.12	1.38	5.01									
Recording40	202011061107	Urban0	528	1920	297	1080	3	Calibration	0.5	0.5	0.26	2.73	9.92	0.33	3.54	12.86	0.37	3.99	14.52									
Recording40	202011061107	Urban0	528	1920	297	1080	4	Calibration	0.1	0.9	0.22	2.49	9.04	0.05	0.57	2.08	0.07	0.77	2.79									
Recording40	202011061107	Urban0	528	1920	297	1080	5	Calibration	0.9	0.9	0.36	4.33	15.76	0.26	3.22	11.71	0.1	1.27	4.62									
Recording40	202011061107	Urban0	528	1920	297	1080	6	Validation	0.7	0.3										0.78	8.74	31.77	1.59	17.86	64.96	1.68	18.94	68.86
Recording40	202011061107	Urban0	528	1920	297	1080	7	Validation	0.3	0.7										0.16	1.75	6.38	1.1	12.27	44.6	0.41	4.66	16.96
Recording40	202011061107	Urban0	528	1920	297	1080	8	Validation	0.3	0.3										0.33	3.59	13.04	1.74	19	69.1	1.41	15.64	56.86
Recording40	202011061107	Urban0	528	1920	297	1080	9	Validation	0.7	0.7										0.52	5.83	21.19	0.14	1.57	5.71	0.07	0.84	3.05
Recording42	202011061107	Urban0	528	1920	297	1080	1	Calibration	0.1	0.1	0.13	1.53	5.58	0.07	0.8	2.89	0.07	0.86	3.14									
Recording42	202011061107	Urban0	528	1920	297	1080	2	Calibration	0.9	0.1	0.25	2.98	10.82	0.13	1.52	5.52	0.1	1.17	4.24									
Recording42	202011061107	Urban0	528	1920	297	1080	3	Calibration	0.5	0.5	0.25	2.7	9.84	0.17	1.86	6.76	0.15	1.69	6.13									
Recording42	202011061107	Urban0	528	1920	297	1080	4	Calibration	0.1	0.9	0.2	2.4	8.72	1.03	12.35	44.91	0.79	9.45	34.37									
Recording42	202011061107	Urban0	528	1920	297	1080	5	Calibration	0.9	0.9	0.53	6.41	23.3	1.17	14.27	51.89	1.54	18.83	68.49									
Recording42	202011061107	Urban0	528	1920	297	1080	6	Validation	0.7	0.7										1.73	19.35	70.37	0.18	1.95	7.1	0.06	0.71	2.58
Recording42	202011061107	Urban0	528	1920	297	1080	7	Validation	0.7	0.3										0.8	8.84	32.14	0.55	6.1	22.2	0.18	2.01	7.32
Recording42	202011061107	Urban0	528	1920	297	1080	8	Validation	0.3	0.7										0.95	10.4	37.82	0.78	8.67	31.54	0.35	3.94	14.35
Recording42	202011061107	Urban0	528	1920	297	1080	9	Validation	0.3	0.3										0.04	0.45	1.63	0.22	2.41	8.77	0.14	1.49	5.41
Recording43	201921150016	Urban0	528	1920	297	1080	1	Calibration	0.1	0.1	0.15	1.62	5.88	0.14	1.45	5.28	0.13	1.38	5.03									
Recording43	201921150016	Urban0	528	1920	297	1080	2	Calibration	0.9	0.1	0.14	1.56	5.69	0.1	1.14	4.14	0.08	0.85	3.1									
Recording43	201921150016	Urban0	528	1920	297	1080	3	Calibration	0.5	0.5	0.07	0.71	2.57	0.06	0.6	2.2	0.08	0.74	2.68									
Recording43	201921150016	Urban0	528	1920	297	1080	4	Calibration	0.1	0.9	0.11	1.11	4.04	0.07	0.76	2.77	0.09	1	3.64									
Recording43	201921150016	Urban0	528	1920	297	1080	5	Calibration	0.9	0.9	0.08	0.82	2.97	0.14	1.49	5.4	0.11	1.18	4.3									
Recording43	201921150016	Urban0	528	1920	297	1080	6	Validation	0.3	0.3										0.44	4.38	15.93	0.69	6.79	24.69	0.6	6.03	21.92
Recording43	201921150016	Urban0	528	1920	297	1080	7	Validation	0.3	0.7										0.04	0.42	1.52	0.1	1.02	3.7	0.1	0.96	3.49
Recording43	201921150016	Urban0	528	1920	297	1080	8	Validation	0.7	0.7										0.57	5.61	20.4	1.64	16.29	59.23	1.04	10.46	38.02
Recording43	201921150016	Urban0	528	1920	297	1080	9	Validation	0.7	0.3										0.12	1.23	4.49	0.11	1.1	3.99	0.07	0.72	2.62
Recording44	201711061122	Urban1	528	1920	297	1080	1	Calibration	0.1	0.1	0.25	2.73	9.93	0.07	0.83	3.01	0.08	0.95	3.47									
Recording44	201711061122	Urban1	528	1920	297	1080	2	Calibration	0.9	0.1	0.16	1.88	6.82	0.21	2.33	8.48	0.26	2.97	10.81									
Recording44	201711061122	Urban1	528	1920	297	1080	3	Calibration	0.5	0.5	0.11	1.08	3.93	0.06	0.56	2.05	0.06	0.57	2.08									
Recording44	201711061122	Urban1	528	1920	297	1080	4	Calibration	0.1	0.9	0.2	2.21	8.05	0.04	0.48	1.73	0.05	0.57	2.08									
Recording44	201711061122	Urban1	528	1920	297	1080	5	Calibration	0.9	0.9	0.16	1.8	6.56	0.24	2.88	10.48	0.11	1.3	4.73									
Recording44	201711061122	Urban1	528	1920	297	1080	6	Validation	0.3	0.3										0.52	5.43	19.75	0.14	1.49	5.4	0.13	1.36	4.94
Recording44	201711061122	Urban1	528	1920	297	1080	7	Validation	0.7	0.3										0.5	5.36	19.49	0.24	2.54	9.25	0.21	2.25	8.18
Recording44	201711061122	Urban1	528	1920	297	1080	8	Validation	0.7	0.7										0.86	8.98	32.64	0.17	1.8	6.53	0.19	2.01	7.31
Recording44	201711061122	Urban1	528	1920	297	1080	9	Validation	0.3	0.7										1.51	15.73	57.19	0.09	0.94	3.4	0.09	0.99	3.58
Recording45	201711200105	Urban1	528	1920	297	1080	1	Calibration	0.1	0.1	0.05	0.53	1.93	0.05	0.57	2.08	0.07	0.79	2.86									
Recording45	201711200105	Urban1	528	1920	297	1080	2	Calibration	0.9	0.1	0.12	1.42	5.16	0.06	0.66	2.39	0.08	0.98	3.56									
Recording45	201711200105	Urban1	528	1920	297	1080	3	Calibration	0.5	0.5	0.03	0.28	1.01	0.04	0.41	1.5	0.05	0.48	1.76									
Recording45	201711200105	Urban1	528	1920	297	1080	4	Calibration	0.1	0.9	0.05	0.55	2	0.05	0.56	2.04	0.05	0.58	2.12									
Recording45	201711200105	Urban1	528	1920	297	1080	5	Calibration	0.9	0.9	0.07	0.86	3.12	0.38	4.42	16.05	0.32	3.73	13.58									
Recording45	201711200105	Urban1	528	1920	297	1080	6	Validation	0.7	0.3										0.17	1.85	6.71	0.07	0.8	2.92	0.05	0.59	2.14
Recording45	201711200105	Urban1	528	1920	297	1080	7	Validation	0.7	0.7										0.27	2.96	10.77	0.09	1.01	3.67	0.05	0.55	2.01
Recording45	201711200105	Urban1	528	1920	297	1080	8	Validation	0.3	0.3										0.46	4.96	18.03	0.07	0.71	2.58	0.05	0.5	1.8
Recording45	201711200105	Urban1	528	1920	297	1080	9	Validation	0.3	0.7										0.24	2.57	9.33	0.6	6.41	23.31	0.41	4.36	15.85
Recording46	201911011116	Urban0	528	1920	297	1080	1	Calibration	0.1	0.1	0.15	1.63	5.92	0.09	1.01	3.67	0.1	1.06	3.84									
Recording46	201911011116	Urban0	528	1920	297	1080	2	Calibration	0.9	0.1	0.16	1.7	6.19	0.16	1.78	6.47	0.14	1.58	5.74									
Recording46	201911011116	Urban0	528	1920	297	1080	3	Calibration	0.5	0.5		0.39	1.42		0.75	2.73		0.7	2.53									
Recording46	201911011116	Urban0	528	1920	297	1080	4	Calibration	0.1	0.9	0.4	4.52	16.43	0.82	9.35	34	0.68	7.8	28.35									
Recording46	201911011116	Urban0	528	1920	297	1080	5	Calibration	0.9	0.9	0.12	1.32	4.78	0.1	1.21	4.4	0.07	0.81	2.94									
Recording46	201911011116	Urban0	528	1920	297	1080	6	Validation	0.7	0.3										0.25	2.6	9.45	0.19	2.04	7.42	0.25	2.68	9.74
Recording46	201911011116	Urban0	528	1920	297	1080	7	Validation	0.3	0.7										0.67	7	25.45	0.23	2.45	8.91	0.17	1.83	6.67
Recording46	201911011116	Urban0	528	1920	297	1080	8	Validation	0.7	0.7										0.52	5.46	19.84	0.28	2.96	10.77	0.21	2.26	8.21
Recording46	201911011116	Urban0	528	1920	297	1080	9	Validation	0.3	0.3										0.24	2.45	8.91	0.27	2.76	10.03	0.18	1.9	6.93
Recording47	201911051139	Urban1	528	1920	297	1080	1	Calibration	0.1	0.1	0.16	1.74	6.35	0.05	0.54	1.98	0.07	0.73	2.64									
Recording47	201911051139	Urban1	528	1920	297	1080	2	Calibration	0.9	0.1	0.18	1.96	7.15	0.05	0.55	2	0.07	0.74	2.69									
Recording47	201911051139	Urban1	528	1920	297	1080	3	Calibration	0.5	0.5	0.12	1.18	4.29	0.07	0.7	2.55	0.08	0.79	2.88									
Recording47	201911051139	Urban1	528	1920	297	1080	4	Calibration	0.1	0.9	0.03	0.32	1.15	0.22	2.43	8.83	0.32	3.55	12.92									
Recording47	201911051139	Urban1	528	1920	297	1080	5	Calibration	0.9	0.9	0.08	0.8	2.92	0.06	0.65	2.35	0.07	0.83	3.02									
Recording47	201911051139	Urban1	528	1920	297	1080	6	Validation	0.3	0.7										0.58	5.86	21.3	0.09	0.95	3.44	0.09	0.96	3.5
Recording47	201911051139	Urban1	528	1920	297	1080	7	Validation	0.7	0.3										0.44	4.46	16.23	0.07	0.74	2.71	0.08	0.82	2.99
Recording47	201911051139	Urban1	528	1920	297	1080	8	Validation	0.7	0.7										0.35	3.54	12.88	0.08	0.83	3.03	0.09	0.88	3.2
Recording47	201911051139	Urban1	528	1920	297	1080	9	Validation	0.3	0.3										0.45	4.56	16.58	0.1	1	3.65	0.12	1.23	4.48
Recording48	201711010204	Urban0	528	1920	297	1080	1	Calibration	0.1	0.1	0.3	3.38	12.29	0.15	1.71	6.22	0.2	2.22	8.07									
Recording48	201711010204	Urban0	528	1920	297	1080	2	Calibration	0.9	0.1	0.29	3.28	11.92	0.2	2.34	8.52	0.13	1.53	5.58									
Recording48	201711010204	Urban0	528	1920	297	1080	3	Calibration	0.5	0.5	0.08	0.79	2.89	0.09	0.94	3.43	0.1	1.05	3.83									
Recording48	201711010204	Urban0	528	1920	297	1080	4	Calibration	0.1	0.9	0.38	4.37	15.88	2.1	23.82	86.63	2.4	27.04	98.32									
Recording48	201711010204	Urban0	528	1920	297	1080	5	Calibration	0.9	0.9	0.15	1.71	6.21	0.13	1.53	5.55	0.18	2.18	7.93									
Recording48	201711010204	Urban0	528	1920	297	1080	6	Validation	0.7	0.3										0.35	3.6	13.08	0.08	0.84	3.05	0.11	1.1	4.01
Recording48	201711010204	Urban0	528	1920	297	1080	7	Validation	0.3	0.7										0.55	5.7	20.73	0.1	1.04	3.79	0.11	1.14	4.15
Recording48	201711010204	Urban0	528	1920	297	1080	8	Validation	0.3	0.3										0.35	3.63	13.2	0.23	2.43	8.83	0.1	1.04	3.78
Recording48	201711010204	Urban0	528	1920	297	1080	9	Validation	0.7	0.7										0.71	7.43	27.02	0.1	1.09	3.97	0.11	1.19	4.31
Recording49	201711120106	Urban0	528	1920	297	1080	1	Calibration	0.1	0.1	0.16	1.78	6.47	0.06	0.71	2.59	0.09	1.03	3.73									
Recording49	201711120106	Urban0	528	1920	297	1080	2	Calibration	0.9	0.1	0.17	1.9	6.92	0.06	0.71	2.59	0.07	0.85	3.08									
Recording49	201711120106	Urban0	528	1920	297	1080	3	Calibration	0.5	0.5	0.06	0.59	2.16	0.06	0.63	2.28	0.08	0.78	2.83									
Recording49	201711120106	Urban0	528	1920	297	1080	4	Calibration	0.1	0.9	0.13	1.47	5.35	0.11	1.3	4.72	0.11	1.31	4.76									
Recording49	201711120106	Urban0	528	1920	297	1080	5	Calibration	0.9	0.9	0.11	1.22	4.42	0.07	0.77	2.81	0.08	0.95	3.46									
Recording49	201711120106	Urban0	528	1920	297	1080	6	Validation	0.7	0.7										0.58	6.22	22.62	0.08	0.88	3.19	0.09	0.97	3.51
Recording49	201711120106	Urban0	528	1920	297	1080	7	Validation	0.7	0.3										0.49	5.07	18.42	1.43	14.95	54.36	0.45	4.71	17.13
Recording49	201711120106	Urban0	528	1920	297	1080	8	Validation	0.3	0.3										0.45	4.82	17.54	0.06	0.67	2.44	0.07	0.79	2.88
Recording49	201711120106	Urban0	528	1920	297	1080	9	Validation	0.3	0.7										0.68	7.29	26.51	0.07	0.76	2.75	0.09	1.01	3.66
Recording50	202011998124	Urban1	528	1920	297	1080	1	Calibration	0.1	0.1	0.11	1.24	4.49	0.06	0.66	2.41	0.08	0.88	3.2									
Recording50	202011998124	Urban1	528	1920	297	1080	2	Calibration	0.9	0.1	0.16	1.82	6.6	0.05	0.61	2.21	0.08	0.87	3.17									
Recording50	202011998124	Urban1	528	1920	297	1080	3	Calibration	0.5	0.5	0.09	0.88	3.21	0.07	0.66	2.38	0.09	0.87	3.15									
Recording50	202011998124	Urban1	528	1920	297	1080	4	Calibration	0.1	0.9	0.03	0.37	1.35	0.07	0.79	2.87	0.09	1.07	3.89									
Recording50	202011998124	Urban1	528	1920	297	1080	5	Calibration	0.9	0.9	0.07	0.8	2.92	0.07	0.84	3.05	0.08	0.95	3.46									
Recording50	202011998124	Urban1	528	1920	297	1080	6	Validation	0.7	0.3										0.58	6.01	21.86	0.1	1.01	3.67	0.09	0.91	3.31
Recording50	202011998124	Urban1	528	1920	297	1080	7	Validation	0.3	0.3										0.69	6.99	25.4	0.24	2.41	8.77	0.23	2.34	8.51
Recording50	202011998124	Urban1	528	1920	297	1080	8	Validation	0.3	0.7										0.43	4.34	15.78	0.12	1.21	4.39	0.12	1.21	4.38
Recording50	202011998124	Urban1	528	1920	297	1080	9	Validation	0.7	0.7										0.18	1.87	6.81	0.91	9.56	34.76	0.27	2.89	10.51
Recording51	202011061039	Urban1	528	1920	297	1080	1	Calibration	0.1	0.1		2.14	7.79		0.74	2.7		0.91	3.31									
Recording51	202011061039	Urban1	528	1920	297	1080	2	Calibration	0.9	0.1		1.49	5.42		0.67	2.44		0.77	2.78									
Recording51	202011061039	Urban1	528	1920	297	1080	3	Calibration	0.5	0.5		0.84	3.04		0.51	1.84		0.65	2.36									
Recording51	202011061039	Urban1	528	1920	297	1080	4	Calibration	0.1	0.9		1.57	5.7		0.53	1.93		0.74	2.68									
Recording51	202011061039	Urban1	528	1920	297	1080	5	Calibration	0.9	0.9		1.01	3.69		0.64	2.34		0.92	3.33									
Recording51	202011061039	Urban1	528	1920	297	1080	6	Validation	0.7	0.7										0.16	1.68	6.11	0.21	2.27	8.25	0.08	0.89	3.22
Recording51	202011061039	Urban1	528	1920	297	1080	7	Validation	0.7	0.3										0.45	4.69	17.06	0.29	3.06	11.11	0.07	0.75	2.72
Recording51	202011061039	Urban1	528	1920	297	1080	8	Validation	0.3	0.7										0.24	2.47	8.99	0.16	1.68	6.12	0.08	0.86	3.14
Recording51	202011061039	Urban1	528	1920	297	1080	9	Validation	0.3	0.3										0.35	3.67	13.35	0.15	1.55	5.63	0.07	0.78	2.82
Recording52	202011061010	Urban0	528	1920	297	1080	1	Calibration	0.1	0.1		0.69	2.51		0.48	1.76		0.61	2.22									
Recording52	202011061010	Urban0	528	1920	297	1080	2	Calibration	0.9	0.1		0.8	2.92		0.94	3.44		0.94	3.42									
Recording52	202011061010	Urban0	528	1920	297	1080	3	Calibration	0.5	0.5		0.39	1.41		0.44	1.61		0.7	2.53									
Recording52	202011061010	Urban0	528	1920	297	1080	4	Calibration	0.1	0.9		0.68	2.45		0.55	2		0.67	2.43									
Recording52	202011061010	Urban0	528	1920	297	1080	5	Calibration	0.9	0.9		0.39	1.42		0.45	1.64		0.47	1.7									
Recording52	202011061010	Urban0	528	1920	297	1080	6	Validation	0.3	0.7										0.21	2.31	8.39	0.06	0.62	2.27	0.06	0.61	2.21
Recording52	202011061010	Urban0	528	1920	297	1080	7	Validation	0.7	0.3										0.13	1.41	5.11	0.04	0.46	1.67	0.05	0.5	1.82
Recording52	202011061010	Urban0	528	1920	297	1080	8	Validation	0.7	0.7										0.15	1.7	6.19	0.05	0.52	1.9	0.06	0.63	2.3
Recording52	202011061010	Urban0	528	1920	297	1080	9	Validation	0.3	0.3										0.17	1.89	6.86	0.07	0.73	2.64	0.06	0.61	2.22
Recording53	201711061211	Urban0	528	1920	297	1080	1	Calibration	0.1	0.1	0.05	0.58	2.11	0.06	0.66	2.4	0.06	0.72	2.62									
Recording53	201711061211	Urban0	528	1920	297	1080	2	Calibration	0.9	0.1	0.06	0.69	2.52	0.05	0.57	2.08	0.06	0.72	2.63									
Recording53	201711061211	Urban0	528	1920	297	1080	3	Calibration	0.5	0.5	0.03	0.28	1.03	0.11	1.17	4.25	0.1	0.99	3.61									
Recording53	201711061211	Urban0	528	1920	297	1080	4	Calibration	0.1	0.9	0.07	0.8	2.91	0.09	1.01	3.68	0.13	1.44	5.22									
Recording53	201711061211	Urban0	528	1920	297	1080	5	Calibration	0.9	0.9	0.07	0.82	2.99	0.1	1.2	4.36	0.14	1.64	5.96									
Recording53	201711061211	Urban0	528	1920	297	1080	6	Validation	0.7	0.7										0.99	10.31	37.49	2.04	21.32	77.53	0.56	5.78	21.02
Recording53	201711061211	Urban0	528	1920	297	1080	7	Validation	0.3	0.3										0.12	1.26	4.59	0.07	0.7	2.55	0.06	0.67	2.44
Recording53	201711061211	Urban0	528	1920	297	1080	8	Validation	0.3	0.7										0.09	0.91	3.31	0.16	1.64	5.96	0.08	0.85	3.08
Recording53	201711061211	Urban0	528	1920	297	1080	9	Validation	0.7	0.3										0.19	1.98	7.18	0.1	1.1	3.99	0.06	0.58	2.12
Recording54	201911080911	Urban0	528	1920	297	1080	1	Calibration	0.1	0.1	0.06	0.67	2.43	0.08	0.95	3.47	0.08	0.99	3.6									
Recording54	201911080911	Urban0	528	1920	297	1080	2	Calibration	0.9	0.1	0.07	0.86	3.11	0.05	0.65	2.37	0.06	0.7	2.55									
Recording54	201911080911	Urban0	528	1920	297	1080	3	Calibration	0.5	0.5	0.07	0.74	2.67	0.06	0.7	2.53	0.08	0.89	3.25									
Recording54	201911080911	Urban0	528	1920	297	1080	4	Calibration	0.1	0.9	0.01	0.17	0.62	0.15	1.79	6.5	0.18	2.21	8.03									
Recording54	201911080911	Urban0	528	1920	297	1080	5	Calibration	0.9	0.9	0.02	0.23	0.85	0.07	0.87	3.17	0.1	1.26	4.59									
Recording54	201911080911	Urban0	528	1920	297	1080	6	Validation	0.7	0.3										0.24	2.66	9.65	1.27	14.17	51.52	1.12	12.45	45.28
Recording54	201911080911	Urban0	528	1920	297	1080	7	Validation	0.3	0.3										0.21	2.37	8.61	0.18	1.95	7.08	0.08	0.94	3.43
Recording54	201911080911	Urban0	528	1920	297	1080	8	Validation	0.3	0.7										0.45	5.11	18.58	0.09	1.06	3.85	0.09	0.97	3.51
Recording54	201911080911	Urban0	528	1920	297	1080	9	Validation	0.7	0.7										0.22	2.48	9	0.08	0.88	3.19	0.09	1.03	3.75
Recording55	201711061119	Urban0	528	1920	297	1080	1	Calibration	0.1	0.1	0.04	0.4	1.45	0.06	0.67	2.42	0.06	0.64	2.33									
Recording55	201711061119	Urban0	528	1920	297	1080	2	Calibration	0.9	0.1	0.06	0.69	2.51	0.05	0.6	2.16	0.05	0.57	2.09									
Recording55	201711061119	Urban0	528	1920	297	1080	3	Calibration	0.5	0.5	0.03	0.26	0.93	0.05	0.49	1.79	0.05	0.47	1.69									
Recording55	201711061119	Urban0	528	1920	297	1080	4	Calibration	0.1	0.9	0.04	0.46	1.66	0.08	0.86	3.12	0.1	1.17	4.24									
Recording55	201711061119	Urban0	528	1920	297	1080	5	Calibration	0.9	0.9	0.02	0.21	0.76	0.04	0.46	1.68	0.05	0.58	2.11									
Recording55	201711061119	Urban0	528	1920	297	1080	6	Validation	0.7	0.3										0.23	2.36	8.59	0.09	0.93	3.37	0.04	0.42	1.54
Recording55	201711061119	Urban0	528	1920	297	1080	7	Validation	0.3	0.3										0.38	3.83	13.93	0.12	1.24	4.51	0.04	0.41	1.47
Recording55	201711061119	Urban0	528	1920	297	1080	8	Validation	0.7	0.7										0.01	0.12	0.44	0.06	0.66	2.4	0.05	0.54	1.97
Recording55	201711061119	Urban0	528	1920	297	1080	9	Validation	0.3	0.7										0.38	3.89	14.14	0.42	4.34	15.77	0.11	1.13	4.1
Recording56	201811030519	Urban1	528	1920	297	1080	1	Calibration	0.1	0.1	0.13	1.48	5.36	0.05	0.57	2.08	0.06	0.71	2.57									
Recording56	201811030519	Urban1	528	1920	297	1080	2	Calibration	0.9	0.1	0.19	2.09	7.59	0.08	0.9	3.29	0.09	1.1	4									
Recording56	201811030519	Urban1	528	1920	297	1080	3	Calibration	0.5	0.5	0.06	0.66	2.41	0.12	1.25	4.55	0.14	1.46	5.33									
Recording56	201811030519	Urban1	528	1920	297	1080	4	Calibration	0.1	0.9	0.12	1.3	4.73	0.03	0.38	1.38	0.05	0.53	1.91									
Recording56	201811030519	Urban1	528	1920	297	1080	5	Calibration	0.9	0.9	0.16	1.79	6.52	0.06	0.67	2.43	0.06	0.65	2.35									
Recording56	201811030519	Urban1	528	1920	297	1080	6	Validation	0.3	0.7										0.6	6.29	22.88	0.13	1.38	5.04	0.1	1.03	3.76
Recording56	201811030519	Urban1	528	1920	297	1080	7	Validation	0.3	0.3										0.19	2	7.26	0.06	0.6	2.17	0.06	0.58	2.12
Recording56	201811030519	Urban1	528	1920	297	1080	8	Validation	0.7	0.3										0.06	0.66	2.41	0.11	1.12	4.09	0.08	0.86	3.14
Recording56	201811030519	Urban1	528	1920	297	1080	9	Validation	0.7	0.7										0.52	5.52	20.06	0.08	0.86	3.14	0.09	0.91	3.31
Recording57	202011051030	Urban1	528	1920	297	1080	1	Calibration	0.1	0.1		2.06	7.5		0.66	2.4		0.96	3.48									
Recording57	202011051030	Urban1	528	1920	297	1080	2	Calibration	0.9	0.1		3.41	12.39		0.82	2.97		0.93	3.39									
Recording57	202011051030	Urban1	528	1920	297	1080	3	Calibration	0.5	0.5		0.83	3.03		0.85	3.11		1.25	4.53									
Recording57	202011051030	Urban1	528	1920	297	1080	4	Calibration	0.1	0.9		75.05	272.91		68.59	249.43		43.76	159.11									
Recording57	202011051030	Urban1	528	1920	297	1080	5	Calibration	0.9	0.9		5.64	20.5		31.53	114.67		38.78	141.02									
Recording57	202011051030	Urban1	528	1920	297	1080	6	Validation	0.3	0.7										1.12	11.45	41.62	0.12	1.18	4.28	0.13	1.31	4.76
Recording57	202011051030	Urban1	528	1920	297	1080	7	Validation	0.3	0.3										0.1	1.01	3.69	0.08	0.85	3.08	0.1	1.03	3.74
Recording57	202011051030	Urban1	528	1920	297	1080	8	Validation	0.7	0.3										0.66	6.75	24.54	0.1	0.99	3.61	0.11	1.14	4.16
Recording57	202011051030	Urban1	528	1920	297	1080	9	Validation	0.7	0.7										0.42	4.38	15.93	0.1	1.04	3.77	0.13	1.33	4.83
Recording58	202011081077	Urban1	528	1920	297	1080	1	Calibration	0.1	0.1	0.2	2.19	7.95	0.07	0.76	2.78	0.07	0.79	2.89									
Recording58	202011081077	Urban1	528	1920	297	1080	2	Calibration	0.9	0.1	0.2	2.2	8.02	0.07	0.79	2.86	0.08	0.89	3.23									
Recording58	202011081077	Urban1	528	1920	297	1080	3	Calibration	0.5	0.5	0.04	0.4	1.44	0.06	0.64	2.33	0.07	0.73	2.64									
Recording58	202011081077	Urban1	528	1920	297	1080	4	Calibration	0.1	0.9	0.18	2.04	7.44	0.07	0.8	2.89	0.08	0.93	3.37									
Recording58	202011081077	Urban1	528	1920	297	1080	5	Calibration	0.9	0.9	0.15	1.64	5.98	0.09	0.99	3.59	0.12	1.34	4.87									
Recording58	202011081077	Urban1	528	1920	297	1080	6	Validation	0.3	0.3										1.04	10.63	38.67	0.08	0.79	2.89	0.08	0.81	2.93
Recording58	202011081077	Urban1	528	1920	297	1080	7	Validation	0.7	0.7										0.38	3.87	14.07	0.07	0.73	2.65	0.08	0.83	3.03
Recording58	202011081077	Urban1	528	1920	297	1080	8	Validation	0.7	0.3										0.17	1.8	6.53	0.16	1.63	5.92	0.08	0.87	3.15
Recording58	202011081077	Urban1	528	1920	297	1080	9	Validation	0.3	0.7										0.15	1.55	5.65	0.1	1.03	3.75	0.09	0.89	3.22
Recording59	201711061202	Urban0	528	1920	297	1080	1	Calibration	0.1	0.1	0.08	0.98	3.57	0.08	0.93	3.38	0.08	0.93	3.38									
Recording59	201711061202	Urban0	528	1920	297	1080	2	Calibration	0.9	0.1	0.06	0.69	2.5	0.08	1.03	3.73	0.09	1.08	3.92									
Recording59	201711061202	Urban0	528	1920	297	1080	3	Calibration	0.5	0.5	0.05	0.53	1.92	0.14	1.55	5.65	0.19	2.07	7.51									
Recording59	201711061202	Urban0	528	1920	297	1080	4	Calibration	0.1	0.9	0.04	0.45	1.64	0.17	2.14	7.77	0.25	3.01	10.93									
Recording59	201711061202	Urban0	528	1920	297	1080	5	Calibration	0.9	0.9	0	0.06	0.21	0.1	1.25	4.53	0.15	1.86	6.75									
Recording59	201711061202	Urban0	528	1920	297	1080	6	Validation	0.7	0.3										0.39	4.46	16.21	1.74	19.73	71.75	1.46	16.45	59.81
Recording59	201711061202	Urban0	528	1920	297	1080	7	Validation	0.3	0.3										0.23	2.62	9.51	0.12	1.33	4.84	0.14	1.57	5.73
Recording59	201711061202	Urban0	528	1920	297	1080	8	Validation	0.7	0.7										0.48	5.65	20.53	0.12	1.37	4.98	0.14	1.64	5.97
Recording59	201711061202	Urban0	528	1920	297	1080	9	Validation	0.3	0.7										0.82	9.53	34.67	0.26	3	10.89	0.11	1.31	4.75
Recording60	201921150033	Urban1	528	1920	297	1080	1	Calibration	0.1	0.1		0.41	1.49		0.77	2.81		1.11	4.04									
Recording60	201921150033	Urban1	528	1920	297	1080	2	Calibration	0.9	0.1	0.1	1.1	3.99	0.05	0.54	1.97	0.05	0.59	2.14									
Recording60	201921150033	Urban1	528	1920	297	1080	3	Calibration	0.5	0.5		0.11	0.4		0.52	1.87		0.61	2.21									
Recording60	201921150033	Urban1	528	1920	297	1080	4	Calibration	0.1	0.9	0.03	0.36	1.29	0.05	0.56	2.04	0.07	0.78	2.85									
Recording60	201921150033	Urban1	528	1920	297	1080	5	Calibration	0.9	0.9	0.05	0.54	1.97	0.05	0.61	2.23	0.06	0.76	2.75									
Recording60	201921150033	Urban1	528	1920	297	1080	6	Validation	0.3	0.7										0.1	1.1	4.01	0.09	0.94	3.43	0.07	0.74	2.7
Recording60	201921150033	Urban1	528	1920	297	1080	7	Validation	0.7	0.7										0.06	0.64	2.31	0.12	1.32	4.79	0.07	0.73	2.67
Recording60	201921150033	Urban1	528	1920	297	1080	8	Validation	0.3	0.3										0.19	2.02	7.35	1.04	11.05	40.2	0.79	8.5	30.92
Recording60	201921150033	Urban1	528	1920	297	1080	9	Validation	0.7	0.3										0.2	2.12	7.71	0.16	1.74	6.32	0.07	0.72	2.61
Recording61	201711260230	Urban0	528	1920	297	1080	1	Calibration	0.1	0.1	0.16	1.74	6.35	0.09	1	3.63	0.08	0.93	3.37									
Recording61	201711260230	Urban0	528	1920	297	1080	2	Calibration	0.9	0.1	0.14	1.56	5.68	0.06	0.73	2.66	0.06	0.73	2.67									
Recording61	201711260230	Urban0	528	1920	297	1080	3	Calibration	0.5	0.5	0.06	0.55	1.99	0.11	1.11	4.04	0.08	0.84	3.06									
Recording61	201711260230	Urban0	528	1920	297	1080	4	Calibration	0.1	0.9	0.13	1.4	5.11	0.08	0.96	3.49	0.05	0.59	2.15									
Recording61	201711260230	Urban0	528	1920	297	1080	5	Calibration	0.9	0.9	0.1	1.16	4.23	0.3	3.48	12.65	0.2	2.28	8.28									
Recording61	201711260230	Urban0	528	1920	297	1080	6	Validation	0.3	0.7										0.48	4.87	17.71	0.11	1.13	4.11	0.09	0.91	3.3
Recording61	201711260230	Urban0	528	1920	297	1080	7	Validation	0.7	0.7										0.33	3.39	12.32	0.16	1.64	5.97	0.06	0.66	2.41
Recording61	201711260230	Urban0	528	1920	297	1080	8	Validation	0.3	0.3										0.48	4.96	18.04	0.1	1.06	3.87	0.05	0.49	1.77
Recording61	201711260230	Urban0	528	1920	297	1080	9	Validation	0.7	0.3										0.26	2.7	9.83	0.09	0.94	3.44	0.06	0.64	2.35
Recording62	201711140117	Urban1	528	1920	297	1080	1	Calibration	0.1	0.1		0.75	2.74		0.6	2.2		0.77	2.8									
Recording62	201711140117	Urban1	528	1920	297	1080	2	Calibration	0.9	0.1	0.03	0.36	1.3	0.08	0.9	3.28	0.11	1.21	4.41									
Recording62	201711140117	Urban1	528	1920	297	1080	3	Calibration	0.5	0.5	0.02	0.25	0.91	0.1	0.95	3.47	0.1	0.97	3.54									
Recording62	201711140117	Urban1	528	1920	297	1080	4	Calibration	0.1	0.9	0.02	0.24	0.87	0.17	1.87	6.79	0.14	1.58	5.76									
Recording62	201711140117	Urban1	528	1920	297	1080	5	Calibration	0.9	0.9	0.06	0.64	2.32	0.07	0.82	2.97	0.08	0.9	3.27									
Recording62	201711140117	Urban1	528	1920	297	1080	6	Validation	0.3	0.3										0.98	9.75	35.46	0.14	1.43	5.2	0.18	1.79	6.5
Recording62	201711140117	Urban1	528	1920	297	1080	7	Validation	0.7	0.7										0.31	3.24	11.78	0.09	0.91	3.3	0.1	1.07	3.9
Recording62	201711140117	Urban1	528	1920	297	1080	8	Validation	0.3	0.7										0.16	1.62	5.88	0.09	0.97	3.52	0.08	0.88	3.18
Recording62	201711140117	Urban1	528	1920	297	1080	9	Validation	0.7	0.3										0.2	2.05	7.45	0.14	1.38	5.03	0.08	0.79	2.89
Recording63	202011051073	Urban1	528	1920	297	1080	1	Calibration	0.1	0.1		3.06	11.12		0.63	2.29		0.89	3.24									
Recording63	202011051073	Urban1	528	1920	297	1080	2	Calibration	0.9	0.1		0.9	3.29		0.65	2.36		0.77	2.8									
Recording63	202011051073	Urban1	528	1920	297	1080	3	Calibration	0.5	0.5	0.32	3.51	12.77	0.12	1.34	4.87	0.09	1.04	3.76									
Recording63	202011051073	Urban1	528	1920	297	1080	4	Calibration	0.1	0.9	0.07	0.81	2.94	0.12	1.52	5.51	0.12	1.5	5.46									
Recording63	202011051073	Urban1	528	1920	297	1080	5	Calibration	0.9	0.9	0.1	1.26	4.59	0.04	0.54	1.97	0.06	0.73	2.66									
Recording63	202011051073	Urban1	528	1920	297	1080	6	Validation	0.3	0.3										2.25	25.28	91.93	0.07	0.74	2.7	0.06	0.68	2.48
Recording63	202011051073	Urban1	528	1920	297	1080	7	Validation	0.3	0.7										1.04	11.93	43.37	0.08	0.94	3.44	0.08	0.97	3.52
Recording63	202011051073	Urban1	528	1920	297	1080	8	Validation	0.7	0.7										0.91	10.28	37.37	0.13	1.49	5.4	0.08	0.88	3.2
Recording63	202011051073	Urban1	528	1920	297	1080	9	Validation	0.7	0.3										1.12	12.61	45.87	0.11	1.27	4.61	0.07	0.83	3.02
Recording64	201811940310	Urban0	528	1920	297	1080	1	Calibration	0.1	0.1	0.31	3.41	12.4	0.15	1.69	6.14	0.13	1.45	5.27									
Recording64	201811940310	Urban0	528	1920	297	1080	2	Calibration	0.9	0.1	0.43	4.79	17.4	0.07	0.76	2.78	0.09	1.03	3.75									
Recording64	201811940310	Urban0	528	1920	297	1080	3	Calibration	0.5	0.5		0.64	2.34		1.8	6.53		2.4	8.74									
Recording64	201811940310	Urban0	528	1920	297	1080	4	Calibration	0.1	0.9	0.21	2.3	8.37	0.09	1.06	3.84	0.13	1.52	5.54									
Recording64	201811940310	Urban0	528	1920	297	1080	5	Calibration	0.9	0.9	0.31	3.44	12.5	0.21	2.41	8.75	0.21	2.39	8.7									
Recording64	201811940310	Urban0	528	1920	297	1080	6	Validation	0.3	0.3										0.56	5.78	21.02	0.12	1.2	4.37	0.15	1.55	5.65
Recording64	201811940310	Urban0	528	1920	297	1080	7	Validation	0.3	0.7										0.8	8.31	30.22	0.28	2.85	10.37	0.38	3.96	14.39
Recording64	201811940310	Urban0	528	1920	297	1080	8	Validation	0.7	0.7										0.94	9.72	35.36	0.12	1.29	4.68	0.13	1.4	5.09
Recording64	201811940310	Urban0	528	1920	297	1080	9	Validation	0.7	0.3										0.95	9.89	35.97	0.09	0.94	3.43	0.11	1.1	3.99
Recording65	201911061147	Urban0	528	1920	297	1080	1	Calibration	0.1	0.1	0.1	1.18	4.29	0.07	0.83	3.01	0.07	0.86	3.12									
Recording65	201911061147	Urban0	528	1920	297	1080	2	Calibration	0.9	0.1	0.1	1.12	4.09	0.05	0.61	2.21	0.06	0.68	2.48									
Recording65	201911061147	Urban0	528	1920	297	1080	3	Calibration	0.5	0.5	0.08	0.86	3.15	0.04	0.43	1.58	0.05	0.55	1.99									
Recording65	201911061147	Urban0	528	1920	297	1080	4	Calibration	0.1	0.9	0.07	0.8	2.9	0.61	7.07	25.69	0.72	8.17	29.72									
Recording65	201911061147	Urban0	528	1920	297	1080	5	Calibration	0.9	0.9	0.03	0.35	1.28	0.05	0.59	2.13	0.05	0.58	2.09									
Recording65	201911061147	Urban0	528	1920	297	1080	6	Validation	0.7	0.3										0.57	6.16	22.41	0.11	1.2	4.36	0.11	1.15	4.2
Recording65	201911061147	Urban0	528	1920	297	1080	7	Validation	0.3	0.7										0.41	4.49	16.32	0.1	1.05	3.81	0.11	1.2	4.35
Recording65	201911061147	Urban0	528	1920	297	1080	8	Validation	0.7	0.7										0.4	4.34	15.79	0.08	0.87	3.17	0.07	0.74	2.69
Recording65	201911061147	Urban0	528	1920	297	1080	9	Validation	0.3	0.3										0.25	2.68	9.74	0.06	0.69	2.52	0.04	0.47	1.7
Recording66	202011051056	Urban0	528	1920	297	1080	1	Calibration	0.1	0.1		0.44	1.61		0.7	2.56		1.02	3.7									
Recording66	202011051056	Urban0	528	1920	297	1080	2	Calibration	0.9	0.1		0.28	1		0.64	2.34		0.93	3.39									
Recording66	202011051056	Urban0	528	1920	297	1080	3	Calibration	0.5	0.5	0.02	0.24	0.87	0.06	0.66	2.39	0.08	0.87	3.17									
Recording66	202011051056	Urban0	528	1920	297	1080	4	Calibration	0.1	0.9		0.43	1.57		0.64	2.31		0.82	2.97									
Recording66	202011051056	Urban0	528	1920	297	1080	5	Calibration	0.9	0.9	0.02	0.24	0.88	0.06	0.7	2.54	0.07	0.82	2.99									
Recording66	202011051056	Urban0	528	1920	297	1080	6	Validation	0.7	0.7										0.21	2.2	8.01	0.42	4.46	16.22	0.25	2.75	10.01
Recording66	202011051056	Urban0	528	1920	297	1080	7	Validation	0.3	0.7										0.05	0.49	1.77	0.12	1.27	4.62	0.08	0.86	3.13
Recording66	202011051056	Urban0	528	1920	297	1080	8	Validation	0.7	0.3										0.16	1.63	5.92	0.09	0.92	3.36	0.07	0.74	2.69
Recording66	202011051056	Urban0	528	1920	297	1080	9	Validation	0.3	0.3										0.08	0.79	2.88	0.07	0.76	2.78	0.07	0.75	2.72
Recording67	202011051089	Urban0	528	1920	297	1080	1	Calibration	0.1	0.1		1.23	4.48		0.64	2.33		0.86	3.12									
Recording67	202011051089	Urban0	528	1920	297	1080	2	Calibration	0.9	0.1	0.12	1.43	5.19	0.06	0.67	2.45	0.07	0.86	3.14									
Recording67	202011051089	Urban0	528	1920	297	1080	3	Calibration	0.5	0.5	0.06	0.62	2.24	0.04	0.44	1.59	0.05	0.51	1.86									
Recording67	202011051089	Urban0	528	1920	297	1080	4	Calibration	0.1	0.9	0.09	1	3.62	0.06	0.74	2.71	0.06	0.73	2.65									
Recording67	202011051089	Urban0	528	1920	297	1080	5	Calibration	0.9	0.9	0.11	1.22	4.44	0.04	0.46	1.69	0.05	0.57	2.06									
Recording67	202011051089	Urban0	528	1920	297	1080	6	Validation	0.7	0.3										0.08	0.92	3.35	0.1	1.07	3.9	0.05	0.55	1.98
Recording67	202011051089	Urban0	528	1920	297	1080	7	Validation	0.3	0.7										0.4	4.4	16.01	0.05	0.58	2.12	0.06	0.64	2.34
Recording67	202011051089	Urban0	528	1920	297	1080	8	Validation	0.7	0.7										0.03	0.32	1.15	0.07	0.79	2.87	0.1	1.12	4.07
Recording67	202011051089	Urban0	528	1920	297	1080	9	Validation	0.3	0.3										0.09	1.01	3.67	0.08	0.84	3.06	0.05	0.53	1.94
Recording68	201921160016	Urban1	528	1920	297	1080	1	Calibration	0.1	0.1	0.22	2.43	8.84	0.69	7.83	28.48	0.76	8.61	31.31									
Recording68	201921160016	Urban1	528	1920	297	1080	2	Calibration	0.9	0.1	0.26	3	10.89	0.07	0.84	3.04	0.09	1.08	3.94									
Recording68	201921160016	Urban1	528	1920	297	1080	3	Calibration	0.5	0.5		1.55	5.63		6.38	23.19		6.8	24.74									
Recording68	201921160016	Urban1	528	1920	297	1080	4	Calibration	0.1	0.9	0.33	3.69	13.41	0.08	0.97	3.53	0.11	1.25	4.55									
Recording68	201921160016	Urban1	528	1920	297	1080	5	Calibration	0.9	0.9	0.24	2.77	10.07	0.11	1.31	4.76	0.14	1.64	5.98									
Recording68	201921160016	Urban1	528	1920	297	1080	6	Validation	0.7	0.7										0.52	5.62	20.42	1.4	15.32	55.71	1.07	11.67	42.42
Recording68	201921160016	Urban1	528	1920	297	1080	7	Validation	0.3	0.7										0.66	6.95	25.28	0.38	4	14.54	0.33	3.54	12.86
Recording68	201921160016	Urban1	528	1920	297	1080	8	Validation	0.7	0.3										0.38	4.01	14.58	0.13	1.4	5.1	0.13	1.4	5.1
Recording68	201921160016	Urban1	528	1920	297	1080	9	Validation	0.3	0.3										0.24	2.49	9.06	0.16	1.7	6.16	0.16	1.69	6.15
Recording69	202011051011	Urban1	528	1920	297	1080	1	Calibration	0.1	0.1		1.78	6.49		1.44	5.24		1.92	6.98									
Recording69	202011051011	Urban1	528	1920	297	1080	2	Calibration	0.9	0.1		1.6	5.83		1.35	4.89		1.47	5.33									
Recording69	202011051011	Urban1	528	1920	297	1080	3	Calibration	0.5	0.5		0.47	1.72		1.07	3.88		1.23	4.46									
Recording69	202011051011	Urban1	528	1920	297	1080	4	Calibration	0.1	0.9		1.32	4.81		1.43	5.21		1.86	6.75									
Recording69	202011051011	Urban1	528	1920	297	1080	5	Calibration	0.9	0.9		1.53	5.58		1.49	5.43		1.84	6.71									
Recording69	202011051011	Urban1	528	1920	297	1080	6	Validation	0.7	0.7										0.55	6.26	22.77	0.22	2.49	9.05	0.13	1.48	5.37
Recording69	202011051011	Urban1	528	1920	297	1080	7	Validation	0.3	0.3										0.83	9.07	32.99	0.12	1.35	4.92	0.12	1.35	4.93
Recording69	202011051011	Urban1	528	1920	297	1080	8	Validation	0.3	0.7										0.47	5.14	18.71	0.08	0.88	3.21	0.11	1.19	4.31
Recording69	202011051011	Urban1	528	1920	297	1080	9	Validation	0.7	0.3										0.5	5.65	20.55	0.1	1.13	4.12	0.11	1.21	4.41
Recording70	202021040012	Urban1	528	1920	297	1080	1	Calibration	0.1	0.1	0	0.04	0.14	0.1	1.11	4.04	0.11	1.25	4.53									
Recording70	202021040012	Urban1	528	1920	297	1080	2	Calibration	0.9	0.1	0.01	0.15	0.55	0.08	0.9	3.26	0.09	1.02	3.73									
Recording70	202021040012	Urban1	528	1920	297	1080	3	Calibration	0.5	0.5	0	0.05	0.18	0.08	0.89	3.23	0.11	1.2	4.36									
Recording70	202021040012	Urban1	528	1920	297	1080	4	Calibration	0.1	0.9	0.02	0.21	0.76	0.08	0.92	3.33	0.09	1.1	3.99									
Recording70	202021040012	Urban1	528	1920	297	1080	5	Calibration	0.9	0.9	0.02	0.2	0.72	0.1	1.16	4.22	0.09	1.14	4.13									
Recording70	202021040012	Urban1	528	1920	297	1080	6	Validation	0.3	0.3										0.17	1.85	6.72	0.66	7.31	26.57	0.68	7.38	26.84
Recording70	202021040012	Urban1	528	1920	297	1080	7	Validation	0.3	0.7										0.34	3.78	13.76	0.08	0.85	3.11	0.1	1.07	3.88
Recording70	202021040012	Urban1	528	1920	297	1080	8	Validation	0.7	0.7										0.26	2.83	10.31	0.09	1.01	3.68	0.1	1.1	3.99
Recording70	202021040012	Urban1	528	1920	297	1080	9	Validation	0.7	0.3										0.4	4.49	16.32	1.2	13.27	48.27	0.49	5.49	19.95
Recording71	202011061070	Urban0	528	1920	297	1080	1	Calibration	0.1	0.1	0.1	1.12	4.06	0.08	0.93	3.39	0.12	1.27	4.6									
Recording71	202011061070	Urban0	528	1920	297	1080	2	Calibration	0.9	0.1	0.17	1.87	6.81	0.1	1.05	3.83	0.13	1.49	5.42									
Recording71	202011061070	Urban0	528	1920	297	1080	3	Calibration	0.5	0.5	0.04	0.4	1.44	0.11	1.15	4.17	0.14	1.41	5.14									
Recording71	202011061070	Urban0	528	1920	297	1080	4	Calibration	0.1	0.9	0.07	0.74	2.71	0.1	1.16	4.24	0.13	1.48	5.37									
Recording71	202011061070	Urban0	528	1920	297	1080	5	Calibration	0.9	0.9	0.1	1.07	3.88	0.13	1.55	5.64	0.17	2.03	7.38									
Recording71	202011061070	Urban0	528	1920	297	1080	6	Validation	0.3	0.7										1.02	10.73	39.03	1.8	19.38	70.47	1.39	15.19	55.23
Recording71	202011061070	Urban0	528	1920	297	1080	7	Validation	0.7	0.3										0.75	7.75	28.19	0.13	1.31	4.77	0.13	1.32	4.8
Recording71	202011061070	Urban0	528	1920	297	1080	8	Validation	0.3	0.3										0.34	3.49	12.68	0.17	1.76	6.4	0.13	1.27	4.63
Recording71	202011061070	Urban0	528	1920	297	1080	9	Validation	0.7	0.7										0.85	8.85	32.17	0.1	1.06	3.85	0.12	1.22	4.43
Recording72	202011061054	Urban1	528	1920	297	1080	1	Calibration	0.1	0.1	0.08	0.9	3.29	0.06	0.71	2.58	0.07	0.82	2.98									
Recording72	202011061054	Urban1	528	1920	297	1080	2	Calibration	0.9	0.1	0.1	1.16	4.21	0.05	0.56	2.04	0.05	0.6	2.18									
Recording72	202011061054	Urban1	528	1920	297	1080	3	Calibration	0.5	0.5	0.04	0.45	1.64	0.04	0.44	1.58	0.06	0.65	2.36									
Recording72	202011061054	Urban1	528	1920	297	1080	4	Calibration	0.1	0.9	0.08	0.89	3.23	0.06	0.72	2.62	0.07	0.87	3.15									
Recording72	202011061054	Urban1	528	1920	297	1080	5	Calibration	0.9	0.9	0.07	0.89	3.24	0.05	0.63	2.29	0.06	0.73	2.65									
Recording72	202011061054	Urban1	528	1920	297	1080	6	Validation	0.3	0.7										0.28	3.04	11.07	0.29	3.18	11.55	0.12	1.38	5.01
Recording72	202011061054	Urban1	528	1920	297	1080	7	Validation	0.3	0.3										0.64	6.99	25.42	0.09	1.02	3.72	0.06	0.67	2.44
Recording72	202011061054	Urban1	528	1920	297	1080	8	Validation	0.7	0.7										0.39	4.38	15.94	0.05	0.58	2.12	0.05	0.54	1.96
Recording72	202011061054	Urban1	528	1920	297	1080	9	Validation	0.7	0.3										0.59	6.38	23.21	0.11	1.19	4.32	0.07	0.73	2.65
Recording73	202031061046	Urban0	528	1920	297	1080	1	Calibration	0.1	0.1		2.58	9.38		2.33	8.47		3.37	12.24									
Recording73	202031061046	Urban0	528	1920	297	1080	2	Calibration	0.9	0.1		1.2	4.38		0.54	1.97		0.76	2.77									
Recording73	202031061046	Urban0	528	1920	297	1080	3	Calibration	0.5	0.5	0.03	0.31	1.12	0.05	0.5	1.81	0.07	0.65	2.35									
Recording73	202031061046	Urban0	528	1920	297	1080	4	Calibration	0.1	0.9	0.13	1.42	5.15	0.08	0.83	3.03	0.08	0.9	3.28									
Recording73	202031061046	Urban0	528	1920	297	1080	5	Calibration	0.9	0.9	0.09	0.98	3.58	0.09	1	3.62	0.11	1.27	4.63									
Recording73	202031061046	Urban0	528	1920	297	1080	6	Validation	0.7	0.3										0.32	3.23	11.74	0.09	0.89	3.23	0.09	0.89	3.23
Recording73	202031061046	Urban0	528	1920	297	1080	7	Validation	0.7	0.7										0.86	8.64	31.41	0.99	9.94	36.14	0.09	0.94	3.43
Recording73	202031061046	Urban0	528	1920	297	1080	8	Validation	0.3	0.7										9.05	87.56	318.38	6.88	66.35	241.27	9.48	91.45	332.55
Recording73	202031061046	Urban0	528	1920	297	1080	9	Validation	0.3	0.3										0.16	1.61	5.84	0.23	2.26	8.23	0.07	0.74	2.68
Recording74	202011061101	Urban1	528	1920	297	1080	1	Calibration	0.1	0.1	0.07	0.71	2.59	0.08	0.84	3.05	0.08	0.86	3.14									
Recording74	202011061101	Urban1	528	1920	297	1080	2	Calibration	0.9	0.1	0.1	1.1	3.98	0.04	0.47	1.7	0.04	0.49	1.77									
Recording74	202011061101	Urban1	528	1920	297	1080	3	Calibration	0.5	0.5	0.04	0.4	1.47	0.05	0.5	1.82	0.05	0.55	1.98									
Recording74	202011061101	Urban1	528	1920	297	1080	4	Calibration	0.1	0.9	0.05	0.54	1.97	0.08	0.83	3.03	0.05	0.56	2.05									
Recording74	202011061101	Urban1	528	1920	297	1080	5	Calibration	0.9	0.9	0.06	0.67	2.43	0.05	0.57	2.07	0.04	0.5	1.83									
Recording74	202011061101	Urban1	528	1920	297	1080	6	Validation	0.3	0.7										0.34	3.4	12.37	0.94	9.79	35.61	0.79	8.18	29.76
Recording74	202011061101	Urban1	528	1920	297	1080	7	Validation	0.7	0.3										0.06	0.59	2.16	0.16	1.59	5.78	0.05	0.51	1.84
Recording74	202011061101	Urban1	528	1920	297	1080	8	Validation	0.3	0.3										0.24	2.45	8.92	0.12	1.22	4.43	0.05	0.5	1.83
Recording74	202011061101	Urban1	528	1920	297	1080	9	Validation	0.7	0.7										0.72	7.2	26.18	1.48	14.92	54.24	0.63	6.3	22.91
Recording75	201911120162	Urban0	528	1920	297	1080	1	Calibration	0.1	0.1	0.33	3.76	13.68	0.07	0.84	3.07	0.08	0.96	3.49									
Recording75	201911120162	Urban0	528	1920	297	1080	2	Calibration	0.9	0.1	0.32	3.67	13.36	0.07	0.79	2.87	0.08	0.88	3.21									
Recording75	201911120162	Urban0	528	1920	297	1080	3	Calibration	0.5	0.5	0.3	3.23	11.76	0.39	4.2	15.26	0.45	4.78	17.37									
Recording75	201911120162	Urban0	528	1920	297	1080	4	Calibration	0.1	0.9	0.52	5.89	21.42	0.12	1.49	5.4	0.18	2.12	7.7									
Recording75	201911120162	Urban0	528	1920	297	1080	5	Calibration	0.9	0.9	0.58	6.73	24.47	0.23	2.74	9.96	0.24	2.78	10.11									
Recording75	201911120162	Urban0	528	1920	297	1080	6	Validation	0.7	0.7										0.58	6.46	23.48	1.06	11.53	41.93	0.74	8.01	29.12
Recording75	201911120162	Urban0	528	1920	297	1080	7	Validation	0.7	0.3										0.35	3.75	13.63	0.11	1.18	4.28	0.11	1.15	4.18
Recording75	201911120162	Urban0	528	1920	297	1080	8	Validation	0.3	0.7										1.21	13.02	47.34	0.36	3.82	13.89	0.45	4.86	17.67
Recording75	201911120162	Urban0	528	1920	297	1080	9	Validation	0.3	0.3										0.21	2.26	8.23	0.09	0.99	3.59	0.11	1.12	4.06
Recording_metro	201711061150	Urban0	528	1920	297	1080	1	Calibration	0.1	0.1	0.33	3.68	13.4	0.1	1.2	4.36	0.13	1.45	5.26									
Recording_metro	201711061150	Urban0	528	1920	297	1080	2	Calibration	0.9	0.1	0.19	2.16	7.85	0.06	0.74	2.68	0.09	1	3.62									
Recording_metro	201711061150	Urban0	528	1920	297	1080	3	Calibration	0.5	0.5		1.39	5.07		0.88	3.21		1.13	4.13									
Recording_metro	201711061150	Urban0	528	1920	297	1080	4	Calibration	0.1	0.9	0.21	2.52	9.15	0.95	11.02	40.07	1.14	13.17	47.89									
Recording_metro	201711061150	Urban0	528	1920	297	1080	5	Calibration	0.9	0.9	7.66	86.35	313.99	8.88	95.89	348.68	4.05	43.71	158.94									
Recording_metro	201711061150	Urban0	528	1920	297	1080	6	Validation	0.7	0.3										0.68	7.11	25.87	0.14	1.49	5.41	0.13	1.32	4.79
Recording_metro	201711061150	Urban0	528	1920	297	1080	7	Validation	0.3	0.3										0.29	3.01	10.95	0.72	7.33	26.66	0.41	4.22	15.33
Recording_metro	201711061150	Urban0	528	1920	297	1080	8	Validation	0.3	0.7										0.48	4.93	17.93	0.79	8.38	30.47	0.43	4.58	16.65
Recording_metro	201711061150	Urban0	528	1920	297	1080	9	Validation	0.7	0.7										1.23	12.67	46.09	0.7	7.21	26.23	0.42	4.36	15.84
