StartDate	EndDate	Status	IPAddress	Progress	Duration (in seconds)	Finished	RecordedDate	ResponseId	RecipientLastName	RecipientFirstName	RecipientEmail	ExternalReference	LocationLatitude	LocationLongitude	DistributionChannel	UserLanguage	Q1_1	Q1_2	Q1_3	Q1_4	Q1_5	Q1_6	Q1_7
2021-01-11 17:04:49	2021-01-11 17:05:09	IP Address	219.142.99.14	100	19	True	2021-01-11 17:05:09	R_2R9utYa5pxocxlr					39.928802490234375	116.388885498046875	anonymous	ZH-S	完全同意	完全同意	完全同意	完全反对	完全同意	完全同意	中立
2021-01-11 17:20:22	2021-01-11 17:20:46	IP Address	59.64.54.119	100	23	True	2021-01-11 17:20:46	R_2DNbo98G0DRfd07					24.31170654296875	109.3861083984375	anonymous	ZH-S	完全同意	完全同意	完全同意	完全反对	完全同意	完全同意	比较同意
2021-01-11 18:22:56	2021-01-11 18:23:22	IP Address	59.64.54.119	100	26	True	2021-01-11 18:23:22	R_31F7Z8F6gpNZzKw					24.31170654296875	109.3861083984375	anonymous	ZH-S	同意	同意	同意	完全反对	完全同意	同意	中立
2021-01-11 18:44:22	2021-01-11 18:44:48	IP Address	59.64.54.119	100	25	True	2021-01-11 18:44:48	R_shDwiZXpVoX4yzv					24.31170654296875	109.3861083984375	anonymous	ZH-S	比较同意	比较同意	比较同意	反对	同意	比较同意	反对
2021-01-11 19:40:18	2021-01-11 19:40:46	IP Address	59.64.54.119	100	28	True	2021-01-11 19:40:47	R_W7fgnCfcw23yuWd					24.31170654296875	109.3861083984375	anonymous	ZH-S	比较同意	比较同意	中立	中立	比较反对	比较同意	反对
2021-01-11 19:55:28	2021-01-11 19:55:56	IP Address	59.64.54.119	100	28	True	2021-01-11 19:55:56	R_2uZDJ5Aj9dav3X4					24.31170654296875	109.3861083984375	anonymous	ZH-S	比较反对	中立	比较反对	比较同意	反对	中立	完全反对
2021-01-11 20:37:01	2021-01-11 20:37:38	IP Address	59.64.54.119	100	36	True	2021-01-11 20:37:38	R_1ClL0PUhfCGCNGG					24.31170654296875	109.3861083984375	anonymous	ZH-S	同意	同意	完全同意	反对	同意	同意	同意
2021-01-11 20:53:36	2021-01-11 20:54:05	IP Address	59.64.54.119	100	29	True	2021-01-11 20:54:06	R_SAZeQp0N4JQtLqN					24.31170654296875	109.3861083984375	anonymous	ZH-S	同意	同意	完全同意	完全反对	完全同意	完全同意	同意
2021-01-11 23:13:41	2021-01-11 23:14:05	IP Address	59.64.54.119	100	24	True	2021-01-11 23:14:06	R_3EQmTlwLrY332YK					24.31170654296875	109.3861083984375	anonymous	ZH-S	比较同意	比较同意	中立	比较反对	比较同意	中立	反对
2021-01-11 23:28:37	2021-01-11 23:28:54	IP Address	59.64.54.119	100	17	True	2021-01-11 23:28:54	R_veS7VfIjdJhK8HD					24.31170654296875	109.3861083984375	anonymous	ZH-S	中立	中立	比较反对	比较同意	比较同意	中立	反对
2021-01-11 23:36:43	2021-01-11 23:37:10	IP Address	59.64.54.119	100	26	True	2021-01-11 23:37:10	R_10T5F6kjeyWPpku					24.31170654296875	109.3861083984375	anonymous	ZH-S	比较同意	比较同意	同意	比较反对	同意	比较同意	比较反对
2021-01-11 23:54:15	2021-01-11 23:55:00	IP Address	59.64.54.119	100	44	True	2021-01-11 23:55:00	R_2OMW1hNGbIIQplD					24.31170654296875	109.3861083984375	anonymous	ZH-S	中立	中立	中立	比较同意	同意	中立	完全反对
2021-01-12 00:05:38	2021-01-12 00:06:06	IP Address	59.64.54.119	100	27	True	2021-01-12 00:06:06	R_1PRvAMU2ZvxdnR9					24.31170654296875	109.3861083984375	anonymous	ZH-S	同意	同意	同意	反对	同意	同意	比较同意
2021-01-12 00:25:07	2021-01-12 00:25:28	IP Address	59.64.54.119	100	20	True	2021-01-12 00:25:28	R_2CpjEHS820ao0Oy					24.31170654296875	109.3861083984375	anonymous	ZH-S	同意	同意	同意	比较反对	同意	同意	比较同意
2021-01-12 00:31:31	2021-01-12 00:31:50	IP Address	59.64.54.119	100	19	True	2021-01-12 00:31:50	R_2ceCIYQZmgfdXpZ					24.31170654296875	109.3861083984375	anonymous	ZH-S	同意	同意	同意	反对	完全同意	比较同意	中立
2021-01-12 00:46:10	2021-01-12 00:46:30	IP Address	59.64.54.119	100	19	True	2021-01-12 00:46:30	R_1LXoyrem8yNYbJo					24.31170654296875	109.3861083984375	anonymous	ZH-S	比较同意	同意	同意	比较反对	完全同意	同意	反对
2021-01-12 01:13:36	2021-01-12 01:13:58	IP Address	59.64.54.119	100	21	True	2021-01-12 01:13:58	R_DNAfQ02OZRslKoN					24.31170654296875	109.3861083984375	anonymous	ZH-S	比较同意	比较同意	比较同意	比较反对	中立	比较同意	中立
2021-01-12 01:28:46	2021-01-12 01:29:18	IP Address	59.64.54.119	100	31	True	2021-01-12 01:29:18	R_24kIs0mYfyoQq0x					24.31170654296875	109.3861083984375	anonymous	ZH-S	中立	比较同意	比较同意	比较反对	中立	中立	比较反对
2021-01-12 02:33:26	2021-01-12 02:33:51	IP Address	59.64.54.119	100	24	True	2021-01-12 02:33:51	R_33eUsw2TFG3ez97					24.31170654296875	109.3861083984375	anonymous	ZH-S	完全同意	完全同意	同意	完全反对	完全同意	完全同意	比较同意
2021-01-12 02:49:51	2021-01-12 02:51:00	IP Address	59.64.54.119	100	68	True	2021-01-12 02:51:00	R_sjrz6aK40xdfiJb					24.31170654296875	109.3861083984375	anonymous	ZH-S	完全同意	比较同意	中立	反对	完全同意	同意	比较同意
2021-01-12 02:58:11	2021-01-12 02:58:36	IP Address	59.64.54.119	100	25	True	2021-01-12 02:58:37	R_3lFz7VDjkLzUjfZ					24.31170654296875	109.3861083984375	anonymous	ZH-S	比较同意	同意	同意	比较反对	同意	同意	中立
2021-01-12 03:14:38	2021-01-12 03:15:02	IP Address	59.64.54.119	100	24	True	2021-01-12 03:15:02	R_27Oj4Kudrljicgt					24.31170654296875	109.3861083984375	anonymous	ZH-S	比较反对	中立	比较同意	比较同意	同意	中立	比较反对
2021-01-12 03:24:03	2021-01-12 03:24:28	IP Address	59.64.54.119	100	24	True	2021-01-12 03:24:28	R_RlRB3E65k6BDUMp					24.31170654296875	109.3861083984375	anonymous	ZH-S	完全同意	完全同意	同意	反对	同意	同意	比较同意
2021-01-12 03:38:58	2021-01-12 03:39:28	IP Address	59.64.54.119	100	29	True	2021-01-12 03:39:28	R_O9zegpIDgVWilI5					24.31170654296875	109.3861083984375	anonymous	ZH-S	同意	同意	同意	比较同意	同意	中立	比较反对
2021-01-12 04:02:35	2021-01-12 04:03:09	IP Address	59.64.54.119	100	34	True	2021-01-12 04:03:09	R_0cbKgsyWrU9xTlT					24.31170654296875	109.3861083984375	anonymous	ZH-S	比较同意	中立	中立	比较同意	同意	中立	反对
2021-01-12 04:20:00	2021-01-12 04:20:34	IP Address	59.64.54.119	100	33	True	2021-01-12 04:20:34	R_0pSK2ZAhHOXiLU5					24.31170654296875	109.3861083984375	anonymous	ZH-S	比较同意	同意	中立	比较反对	完全同意	比较同意	比较反对
2021-01-12 04:34:37	2021-01-12 04:35:16	IP Address	59.64.54.119	100	39	True	2021-01-12 04:35:16	R_1dmdbZ2TBsnbEHj					24.31170654296875	109.3861083984375	anonymous	ZH-S	同意	同意	比较同意	比较反对	中立	中立	比较反对
2021-01-12 04:51:33	2021-01-12 04:51:57	IP Address	59.64.54.119	100	23	True	2021-01-12 04:51:57	R_2uJPvITvPUgqWrv					24.31170654296875	109.3861083984375	anonymous	ZH-S	中立	比较同意	同意	比较反对	比较同意	比较同意	中立
2021-01-12 05:00:18	2021-01-12 05:00:32	IP Address	59.64.54.119	100	13	True	2021-01-12 05:00:32	R_1r99C0uxmgfR0WN					24.31170654296875	109.3861083984375	anonymous	ZH-S	比较同意	比较同意	比较同意	比较同意	中立	比较同意	比较反对
2021-01-12 05:15:09	2021-01-12 05:15:26	IP Address	219.142.99.14	100	17	True	2021-01-12 05:15:26	R_1qemHmj1YC2S353					39.928802490234375	116.388885498046875	anonymous	ZH-S	同意	同意	同意	反对	比较同意	比较同意	比较反对
2021-01-12 05:36:50	2021-01-12 05:37:44	IP Address	59.64.54.119	100	53	True	2021-01-12 05:37:44	R_2ARM8x1rW7sp7Jp					24.31170654296875	109.3861083984375	anonymous	ZH-S	中立	比较同意	比较同意	比较反对	比较同意	同意	比较反对
2021-01-12 05:53:17	2021-01-12 05:53:34	IP Address	219.142.99.14	100	17	True	2021-01-12 05:53:34	R_sMbPG5JHykYM3f3					39.928802490234375	116.388885498046875	anonymous	ZH-S	中立	中立	中立	比较反对	比较同意	中立	中立
2021-01-12 06:00:55	2021-01-12 06:01:19	IP Address	59.64.54.119	100	23	True	2021-01-12 06:01:19	R_2dEAFk5xmadVKE3					24.31170654296875	109.3861083984375	anonymous	ZH-S	比较反对	比较反对	比较反对	比较同意	同意	比较反对	反对
2021-01-12 06:16:34	2021-01-12 06:16:56	IP Address	59.64.54.119	100	22	True	2021-01-12 06:16:56	R_9S2b8a0wJiBwp33					24.31170654296875	109.3861083984375	anonymous	ZH-S	反对	比较反对	比较反对	比较同意	同意	反对	完全反对
2021-01-12 06:43:38	2021-01-12 06:44:10	IP Address	59.64.54.119	100	32	True	2021-01-12 06:44:11	R_28FIcpf2prC6hlb					24.31170654296875	109.3861083984375	anonymous	ZH-S	比较同意	比较同意	比较同意	比较反对	同意	中立	反对
2021-01-12 07:00:55	2021-01-12 07:01:28	IP Address	59.64.54.119	100	33	True	2021-01-12 07:01:29	R_3HCtZn1xuK09yp8					24.31170654296875	109.3861083984375	anonymous	ZH-S	比较同意	同意	同意	同意	完全同意	同意	中立
2021-01-12 17:41:54	2021-01-12 17:42:27	IP Address	59.64.54.119	100	32	True	2021-01-12 17:42:27	R_3EpdICYSFDyuNmE					24.31170654296875	109.3861083984375	anonymous	ZH-S	比较同意	比较同意	同意	比较反对	同意	比较同意	中立
2021-01-12 17:58:31	2021-01-12 17:59:19	IP Address	59.64.54.119	100	47	True	2021-01-12 17:59:19	R_2Sui2BtF2OxJVwe					24.31170654296875	109.3861083984375	anonymous	ZH-S	比较同意	比较同意	同意	比较反对	完全同意	同意	中立
2021-01-12 18:11:00	2021-01-12 18:11:42	IP Address	59.64.54.119	100	41	True	2021-01-12 18:11:42	R_9BH4YtlYaJx6sy5					24.31170654296875	109.3861083984375	anonymous	ZH-S	比较同意	同意	比较同意	反对	同意	比较同意	反对
2021-01-12 18:30:17	2021-01-12 18:30:48	IP Address	59.64.54.119	100	30	True	2021-01-12 18:30:48	R_3O0OmtVX7w6UxBQ					24.31170654296875	109.3861083984375	anonymous	ZH-S	比较同意	比较同意	比较同意	中立	中立	比较同意	比较反对
2021-01-12 18:39:38	2021-01-12 18:40:00	IP Address	59.64.54.119	100	21	True	2021-01-12 18:40:00	R_1kFkxDFhepxhDxw					24.31170654296875	109.3861083984375	anonymous	ZH-S	比较同意	比较同意	同意	比较同意	中立	中立	比较反对
2021-01-12 18:54:34	2021-01-12 18:54:48	IP Address	59.64.54.119	100	13	True	2021-01-12 18:54:49	R_1PdQwU5zA1whFdS					24.31170654296875	109.3861083984375	anonymous	ZH-S	比较同意	比较同意	比较同意	中立	中立	中立	中立
2021-01-12 19:05:03	2021-01-12 19:05:42	IP Address	59.64.54.119	100	38	True	2021-01-12 19:05:42	R_2YazvNh9IJS5xL3					24.31170654296875	109.3861083984375	anonymous	ZH-S	同意	同意	同意	反对	同意	同意	中立
2021-01-12 19:20:13	2021-01-12 19:20:39	IP Address	59.64.54.119	100	25	True	2021-01-12 19:20:39	R_2zqeO8qZERGxh6I					24.31170654296875	109.3861083984375	anonymous	ZH-S	中立	中立	中立	反对	比较同意	比较同意	中立
2021-01-12 19:45:26	2021-01-12 19:46:15	IP Address	59.64.54.119	100	49	True	2021-01-12 19:46:15	R_1QaruKoMFntyvKN					24.31170654296875	109.3861083984375	anonymous	ZH-S	中立	比较同意	中立	中立	比较反对	中立	反对
2021-01-12 20:02:07	2021-01-12 20:02:39	IP Address	59.64.54.119	100	31	True	2021-01-12 20:02:39	R_DoXXKauucPT1fd7					24.31170654296875	109.3861083984375	anonymous	ZH-S	比较同意	比较同意	中立	中立	中立	中立	比较反对
2021-01-12 20:10:59	2021-01-12 20:11:24	IP Address	59.64.54.119	100	25	True	2021-01-12 20:11:24	R_3RdzmLmE7ud9TFi					24.31170654296875	109.3861083984375	anonymous	ZH-S	同意	同意	同意	反对	同意	同意	比较同意
2021-01-12 20:29:52	2021-01-12 20:30:41	IP Address	59.64.54.119	100	49	True	2021-01-12 20:30:41	R_308fpGJRRI4nIYH					24.31170654296875	109.3861083984375	anonymous	ZH-S	比较同意	比较同意	同意	反对	比较同意	比较同意	反对
2021-01-12 20:39:58	2021-01-12 20:40:31	IP Address	59.64.54.119	100	32	True	2021-01-12 20:40:31	R_3mn0v5FB9tgIIlo					24.31170654296875	109.3861083984375	anonymous	ZH-S	同意	同意	完全同意	反对	同意	比较同意	中立
2021-01-12 20:56:08	2021-01-12 20:56:29	IP Address	59.64.54.119	100	21	True	2021-01-12 20:56:29	R_1LYcqduZV9CFcrj					24.31170654296875	109.3861083984375	anonymous	ZH-S	同意	同意	比较同意	反对	同意	比较同意	中立
2021-01-12 22:05:56	2021-01-12 22:06:43	IP Address	59.64.54.119	100	46	True	2021-01-12 22:06:43	R_1n2Uj8YYeGUEOxu					24.31170654296875	109.3861083984375	anonymous	ZH-S	完全同意	完全同意	完全同意	反对	同意	同意	中立
2021-01-12 22:24:24	2021-01-12 22:24:49	IP Address	59.64.54.119	100	24	True	2021-01-12 22:24:49	R_2E6jes1DXHinO7u					24.31170654296875	109.3861083984375	anonymous	ZH-S	完全同意	完全同意	同意	反对	比较同意	同意	中立
2021-01-12 22:31:17	2021-01-12 22:31:43	IP Address	59.64.54.119	100	25	True	2021-01-12 22:31:43	R_2rUUROkzQZJNIvz					24.31170654296875	109.3861083984375	anonymous	ZH-S	同意	同意	同意	反对	比较同意	比较同意	比较反对
2021-01-12 22:46:57	2021-01-12 22:47:12	IP Address	59.64.54.119	100	15	True	2021-01-12 22:47:12	R_2WOO2FpmCpQCD51					24.31170654296875	109.3861083984375	anonymous	ZH-S	同意	同意	同意	反对	比较同意	比较同意	反对
2021-01-12 22:58:46	2021-01-12 22:59:10	IP Address	59.64.54.119	100	24	True	2021-01-12 22:59:10	R_3NWoIZwz4xdK4un					24.31170654296875	109.3861083984375	anonymous	ZH-S	同意	同意	同意	反对	完全同意	比较同意	中立
2021-01-12 23:15:02	2021-01-12 23:15:23	IP Address	59.64.54.119	100	21	True	2021-01-12 23:15:23	R_1Ok0xURj92QRJrD					24.31170654296875	109.3861083984375	anonymous	ZH-S	同意	同意	同意	反对	同意	中立	比较反对
2021-01-12 23:38:12	2021-01-12 23:38:34	IP Address	59.64.54.119	100	21	True	2021-01-12 23:38:34	R_2ygxsmYw3Q55CcG					24.31170654296875	109.3861083984375	anonymous	ZH-S	同意	比较同意	比较同意	反对	同意	同意	中立
2021-01-12 23:53:48	2021-01-12 23:54:18	IP Address	59.64.54.119	100	29	True	2021-01-12 23:54:18	R_6liBkVkHQTvErE5					24.31170654296875	109.3861083984375	anonymous	ZH-S	比较同意	比较同意	比较同意	比较反对	比较同意	中立	中立
2021-01-13 00:08:17	2021-01-13 00:08:57	IP Address	59.64.54.119	100	40	True	2021-01-13 00:08:57	R_3GuL4VUuVslTkYQ					24.31170654296875	109.3861083984375	anonymous	ZH-S	中立	中立	比较同意	同意	同意	中立	反对
2021-01-13 00:24:50	2021-01-13 00:25:15	IP Address	59.64.54.119	100	24	True	2021-01-13 00:25:15	R_rrNlT13OvvrztmN					24.31170654296875	109.3861083984375	anonymous	ZH-S	中立	中立	比较反对	比较同意	中立	比较反对	反对
2021-01-13 01:08:54	2021-01-13 01:09:10	IP Address	59.64.54.119	100	15	True	2021-01-13 01:09:10	R_3jTmbJHonV9m7Go					24.31170654296875	109.3861083984375	anonymous	ZH-S	同意	同意	同意	完全反对	完全同意	同意	中立
2021-01-13 01:25:00	2021-01-13 01:25:13	IP Address	59.64.54.119	100	13	True	2021-01-13 01:25:13	R_eFm9tvjlgNoya65					24.31170654296875	109.3861083984375	anonymous	ZH-S	比较同意	同意	同意	比较反对	同意	同意	中立
2021-01-13 01:34:10	2021-01-13 01:34:37	IP Address	59.64.54.119	100	27	True	2021-01-13 01:34:37	R_6ioTcrE374zivLP					24.31170654296875	109.3861083984375	anonymous	ZH-S	完全同意	完全同意	同意	反对	完全同意	完全同意	比较同意
2021-01-13 01:50:47	2021-01-13 01:51:33	IP Address	59.64.54.119	100	45	True	2021-01-13 01:51:33	R_dnHDMc19fhRggCd					24.31170654296875	109.3861083984375	anonymous	ZH-S	同意	同意	完全同意	比较反对	同意	中立	中立
2021-01-13 01:58:34	2021-01-13 01:59:05	IP Address	59.64.54.119	100	30	True	2021-01-13 01:59:05	R_272Oezr9JCgLWO2					24.31170654296875	109.3861083984375	anonymous	ZH-S	比较同意	同意	同意	反对	同意	比较同意	比较反对
2021-01-13 02:14:11	2021-01-13 02:14:25	IP Address	59.64.54.119	100	13	True	2021-01-13 02:14:25	R_2c6gdy7y8f4JyPn					24.31170654296875	109.3861083984375	anonymous	ZH-S	同意	同意	同意	中立	比较同意	比较同意	中立
2021-01-13 02:35:34	2021-01-13 02:35:58	IP Address	59.64.54.119	100	23	True	2021-01-13 02:35:58	R_3P6vjKfWWeIO6kx					24.31170654296875	109.3861083984375	anonymous	ZH-S	同意	同意	同意	完全反对	完全同意	完全同意	中立
2021-01-13 02:50:38	2021-01-13 02:51:04	IP Address	59.64.54.119	100	25	True	2021-01-13 02:51:04	R_2v2kX5HbIXVxkKv					24.31170654296875	109.3861083984375	anonymous	ZH-S	比较同意	比较同意	比较同意	完全反对	完全同意	中立	比较反对
2021-01-13 03:14:43	2021-01-13 03:15:15	IP Address	219.142.99.14	100	32	True	2021-01-13 03:15:16	R_10OYZPCiPj6zLDH					39.928802490234375	116.388885498046875	anonymous	ZH-S	比较同意	比较同意	中立	反对	比较同意	比较同意	比较反对
2021-01-13 03:32:53	2021-01-13 03:33:25	IP Address	59.64.54.119	100	32	True	2021-01-13 03:33:26	R_T5d5kzO0fexT78d					24.31170654296875	109.3861083984375	anonymous	ZH-S	比较同意	比较反对	比较反对	中立	比较同意	中立	比较反对
2021-01-13 03:40:47	2021-01-13 03:41:25	IP Address	59.64.54.119	100	38	True	2021-01-13 03:41:26	R_25LTzmUvn1SMxsx					24.31170654296875	109.3861083984375	anonymous	ZH-S	同意	同意	比较同意	比较同意	同意	中立	比较反对
2021-01-13 03:57:02	2021-01-13 03:57:29	IP Address	59.64.54.119	100	26	True	2021-01-13 03:57:29	R_27WkUxXPTR8o1Vy					24.31170654296875	109.3861083984375	anonymous	ZH-S	同意	同意	中立	中立	同意	比较同意	中立
2021-01-13 04:11:17	2021-01-13 04:11:47	IP Address	59.64.54.119	100	30	True	2021-01-13 04:11:48	R_1K2OaS1JQupQRPr					24.31170654296875	109.3861083984375	anonymous	ZH-S	同意	同意	同意	完全反对	同意	完全同意	比较同意
2021-01-13 04:27:22	2021-01-13 04:27:37	IP Address	59.64.54.119	100	14	True	2021-01-13 04:27:38	R_2y9o1ftr9HKOpfG					24.31170654296875	109.3861083984375	anonymous	ZH-S	同意	完全同意	同意	完全反对	同意	完全同意	同意
2021-01-13 04:42:20	2021-01-13 04:42:46	IP Address	219.142.99.14	100	26	True	2021-01-13 04:42:47	R_3R7qSP8d8nYVFJG					39.928802490234375	116.388885498046875	anonymous	ZH-S	同意	完全同意	完全同意	反对	完全同意	完全同意	中立
2021-01-13 04:59:02	2021-01-13 04:59:26	IP Address	59.64.54.119	100	24	True	2021-01-13 04:59:26	R_23gCcJYK4OJzp9x					24.31170654296875	109.3861083984375	anonymous	ZH-S	比较同意	同意	完全同意	反对	完全同意	同意	中立
2021-01-13 05:09:09	2021-01-13 05:09:32	IP Address	59.64.54.119	100	22	True	2021-01-13 05:09:32	R_31otPXUTdY6ipy7					24.31170654296875	109.3861083984375	anonymous	ZH-S	比较同意	比较同意	同意	比较反对	比较同意	比较同意	中立
2021-01-13 05:30:27	2021-01-13 05:30:52	IP Address	59.64.54.119	100	24	True	2021-01-13 05:30:52	R_1jUGqes2swvIRf4					24.31170654296875	109.3861083984375	anonymous	ZH-S	比较同意	比较同意	同意	中立	比较同意	中立	反对
2021-01-13 05:41:03	2021-01-13 05:41:30	IP Address	59.64.54.119	100	27	True	2021-01-13 05:41:30	R_D1qxjG81njoTE8V					24.31170654296875	109.3861083984375	anonymous	ZH-S	同意	同意	同意	反对	同意	完全同意	中立
2021-01-13 06:00:06	2021-01-13 06:00:43	IP Address	59.64.54.119	100	36	True	2021-01-13 06:00:43	R_3pniT2C19qine4H					24.31170654296875	109.3861083984375	anonymous	ZH-S	比较同意	同意	比较同意	比较同意	比较同意	比较同意	比较反对
2021-01-13 06:15:06	2021-01-13 06:15:32	IP Address	59.64.54.119	100	26	True	2021-01-13 06:15:33	R_3KABpdFnkm8KRAW					24.31170654296875	109.3861083984375	anonymous	ZH-S	同意	同意	同意	比较反对	完全同意	同意	中立
2021-01-13 06:30:14	2021-01-13 06:30:41	IP Address	59.64.54.119	100	27	True	2021-01-13 06:30:41	R_1LzCUQGZxfkRiLG					24.31170654296875	109.3861083984375	anonymous	ZH-S	比较反对	比较反对	比较反对	同意	比较反对	反对	完全反对
2021-01-13 06:39:43	2021-01-13 06:40:30	IP Address	59.64.54.119	100	47	True	2021-01-13 06:40:30	R_WBxsrk98GKzZRn3					24.31170654296875	109.3861083984375	anonymous	ZH-S	中立	中立	比较同意	比较同意	比较同意	比较反对	反对
2021-01-13 06:56:33	2021-01-13 06:57:07	IP Address	59.64.54.119	100	34	True	2021-01-13 06:57:07	R_1f44n052p3Uj45B					24.31170654296875	109.3861083984375	anonymous	ZH-S	比较反对	比较反对	中立	比较同意	中立	比较反对	反对
2021-01-13 17:18:00	2021-01-13 17:18:18	IP Address	59.64.54.119	100	18	True	2021-01-13 17:18:18	R_273ZqOshqmZ2MGK					24.31170654296875	109.3861083984375	anonymous	ZH-S	中立	中立	中立	比较同意	同意	中立	比较反对
2021-01-13 17:33:24	2021-01-13 17:33:39	Spam	59.64.54.119	100	15	True	2021-01-13 17:33:39	R_2fqvp4B4lKYH6z3					24.31170654296875	109.3861083984375	anonymous	ZH-S	中立	中立	中立	比较同意	同意	中立	比较反对
2021-01-13 17:43:28	2021-01-13 17:44:02	IP Address	219.142.99.14	100	33	True	2021-01-13 17:44:02	R_1NnB2eydl5IGfWW					39.928802490234375	116.388885498046875	anonymous	ZH-S	同意	同意	同意	完全反对	完全同意	同意	中立
2021-01-13 18:01:42	2021-01-13 18:02:16	IP Address	59.64.54.119	100	34	True	2021-01-13 18:02:16	R_QoxmZoX99pDdvq1					24.31170654296875	109.3861083984375	anonymous	ZH-S	比较同意	比较同意	同意	反对	同意	比较同意	比较反对
2021-01-13 18:40:42	2021-01-13 18:41:05	IP Address	59.64.54.119	100	22	True	2021-01-13 18:41:05	R_2TSi5P1MBncLfob					24.31170654296875	109.3861083984375	anonymous	ZH-S	同意	同意	比较同意	反对	完全同意	同意	比较反对
2021-01-13 18:57:37	2021-01-13 18:58:09	IP Address	59.64.54.119	100	31	True	2021-01-13 18:58:09	R_3p9g13bV18zrqYH					24.31170654296875	109.3861083984375	anonymous	ZH-S	比较同意	比较同意	比较同意	比较反对	完全同意	比较同意	反对
2021-01-13 19:07:10	2021-01-13 19:07:41	IP Address	59.64.54.119	100	31	True	2021-01-13 19:07:41	R_et9qapT7ggQyHS1					24.31170654296875	109.3861083984375	anonymous	ZH-S	比较同意	比较同意	同意	比较反对	比较同意	比较同意	比较反对
2021-01-13 19:24:31	2021-01-13 19:24:53	IP Address	59.64.54.119	100	21	True	2021-01-13 19:24:53	R_9ReipcUmdiNiXVT					24.31170654296875	109.3861083984375	anonymous	ZH-S	比较同意	比较同意	比较同意	比较反对	比较同意	比较同意	比较反对
2021-01-13 20:07:34	2021-01-13 20:07:57	IP Address	59.64.54.119	100	23	True	2021-01-13 20:07:58	R_24osYpQGCDnfewU					24.31170654296875	109.3861083984375	anonymous	ZH-S	同意	比较同意	同意	反对	完全同意	同意	中立
2021-01-13 20:22:03	2021-01-13 20:22:23	IP Address	59.64.54.119	100	20	True	2021-01-13 20:22:23	R_1N4uGerHQo6eVcw					24.31170654296875	109.3861083984375	anonymous	ZH-S	反对	比较反对	中立	同意	中立	比较反对	比较反对
2021-01-13 21:10:46	2021-01-13 21:11:11	IP Address	219.142.99.14	100	25	True	2021-01-13 21:11:11	R_1IT4lAyLRsaCWEB					39.928802490234375	116.388885498046875	anonymous	ZH-S	同意	同意	同意	反对	完全同意	同意	同意
2021-01-13 21:26:22	2021-01-13 21:26:52	IP Address	59.64.54.119	100	29	True	2021-01-13 21:26:52	R_2y7yvkEdVytQ2KB					24.31170654296875	109.3861083984375	anonymous	ZH-S	比较同意	同意	同意	反对	完全同意	比较同意	同意
2021-01-13 22:04:01	2021-01-13 22:04:31	IP Address	59.64.54.119	100	30	True	2021-01-13 22:04:32	R_3CTJr8GwMKaZ9yc					24.31170654296875	109.3861083984375	anonymous	ZH-S	完全同意	同意	比较同意	反对	同意	比较同意	中立
2021-01-13 22:22:01	2021-01-13 22:22:34	IP Address	59.64.54.119	100	32	True	2021-01-13 22:22:34	R_31t5SkOgyBi0AGJ					24.31170654296875	109.3861083984375	anonymous	ZH-S	同意	比较同意	比较同意	反对	完全同意	同意	中立
2021-01-13 22:32:28	2021-01-13 22:32:52	IP Address	59.64.54.119	100	24	True	2021-01-13 22:32:53	R_3jTpbFhjq4HffPL					24.31170654296875	109.3861083984375	anonymous	ZH-S	完全同意	完全同意	完全同意	完全反对	完全同意	完全同意	中立
2021-01-13 22:50:27	2021-01-13 22:50:52	IP Address	59.64.54.119	100	24	True	2021-01-13 22:50:52	R_32JIgi0zIVKnJEC					24.31170654296875	109.3861083984375	anonymous	ZH-S	同意	同意	同意	反对	完全同意	完全同意	比较反对
2021-01-13 23:03:40	2021-01-13 23:04:09	IP Address	59.64.54.119	100	28	True	2021-01-13 23:04:09	R_1Cg9REfipDv2Fbo					24.31170654296875	109.3861083984375	anonymous	ZH-S	同意	同意	同意	比较反对	同意	同意	比较同意
2021-01-13 23:18:51	2021-01-13 23:19:08	IP Address	59.64.54.119	100	17	True	2021-01-13 23:19:08	R_1i53pb7ue6dpL9C					24.31170654296875	109.3861083984375	anonymous	ZH-S	比较同意	比较同意	比较同意	比较反对	同意	比较同意	比较同意
2021-01-13 23:32:19	2021-01-13 23:32:50	IP Address	59.64.54.119	100	30	True	2021-01-13 23:32:50	R_2vdXX481hFbLbUQ					24.31170654296875	109.3861083984375	anonymous	ZH-S	比较反对	比较反对	中立	同意	同意	比较反对	比较反对
2021-01-13 23:49:14	2021-01-13 23:50:07	IP Address	59.64.54.119	100	53	True	2021-01-13 23:50:08	R_1GPN9r9tLkvSiNC					24.31170654296875	109.3861083984375	anonymous	ZH-S	比较同意	比较同意	比较同意	比较同意	同意	比较反对	反对
2021-01-14 00:09:16	2021-01-14 00:10:03	IP Address	219.142.99.14	100	46	True	2021-01-14 00:10:03	R_2QYzSUi0TN8SQMO					39.928802490234375	116.388885498046875	anonymous	ZH-S	同意	同意	同意	反对	同意	同意	比较反对
2021-01-14 00:26:07	2021-01-14 00:26:27	Spam	219.142.99.14	100	20	True	2021-01-14 00:26:28	R_2fs8KQ7NPehrm6a					39.928802490234375	116.388885498046875	anonymous	ZH-S	同意	同意	同意	反对	同意	同意	比较反对
2021-01-14 00:38:49	2021-01-14 00:39:17	IP Address	219.142.99.14	100	28	True	2021-01-14 00:39:17	R_3oEBpvwQjOPA9gz					39.928802490234375	116.388885498046875	anonymous	ZH-S	同意	同意	比较同意	比较反对	完全同意	比较同意	比较同意
2021-01-14 00:54:48	2021-01-14 00:55:18	IP Address	219.142.99.14	100	30	True	2021-01-14 00:55:18	R_3knVJBySks1Uqdf					39.928802490234375	116.388885498046875	anonymous	ZH-S	中立	同意	比较同意	比较反对	同意	同意	比较同意
2021-01-14 01:33:57	2021-01-14 01:34:20	IP Address	59.64.54.119	100	23	True	2021-01-14 01:34:20	R_1zX7gRPNsKphjP3					24.31170654296875	109.3861083984375	anonymous	ZH-S	比较同意	比较同意	同意	中立	比较同意	中立	比较反对
2021-01-14 01:48:50	2021-01-14 01:49:05	IP Address	59.64.54.119	100	14	True	2021-01-14 01:49:05	R_2Eubohto3U4MY9S					24.31170654296875	109.3861083984375	anonymous	ZH-S	同意	同意	同意	反对	比较同意	比较同意	中立
2021-01-14 02:00:52	2021-01-14 02:01:42	IP Address	219.142.99.14	100	50	True	2021-01-14 02:01:43	R_3OiEV0FxVmdwl6H					39.928802490234375	116.388885498046875	anonymous	ZH-S	同意	同意	同意	反对	同意	同意	比较反对
2021-01-14 02:19:59	2021-01-14 02:20:43	IP Address	59.64.54.119	100	43	True	2021-01-14 02:20:43	R_1llScVXk5NMa1Hy					24.31170654296875	109.3861083984375	anonymous	ZH-S	同意	同意	比较同意	比较反对	同意	同意	比较同意
2021-01-14 02:47:58	2021-01-14 02:48:16	IP Address	59.64.54.119	100	17	True	2021-01-14 02:48:16	R_2sZ6uWKDHbOZTvk					24.31170654296875	109.3861083984375	anonymous	ZH-S	同意	同意	同意	反对	完全同意	完全同意	完全同意
2021-01-14 03:03:14	2021-01-14 03:03:32	IP Address	59.64.54.119	100	18	True	2021-01-14 03:03:33	R_1BVsxs6U7MVLvTS					24.31170654296875	109.3861083984375	anonymous	ZH-S	比较同意	中立	比较同意	反对	同意	同意	中立
2021-01-14 03:30:04	2021-01-14 03:30:45	IP Address	219.142.99.14	100	41	True	2021-01-14 03:30:45	R_2f8792lXuJPb6AT					39.928802490234375	116.388885498046875	anonymous	ZH-S	比较同意	同意	比较同意	反对	比较同意	中立	比较反对
2021-01-14 03:46:35	2021-01-14 03:47:16	IP Address	59.64.54.119	100	40	True	2021-01-14 03:47:16	R_37vryLV7DcoRSVP					24.31170654296875	109.3861083984375	anonymous	ZH-S	同意	反对	中立	同意	比较反对	反对	反对
2021-01-14 04:10:40	2021-01-14 04:11:10	IP Address	59.64.54.119	100	29	True	2021-01-14 04:11:10	R_3nUVGxGus0rIq4b					24.31170654296875	109.3861083984375	anonymous	ZH-S	比较同意	比较同意	中立	反对	比较同意	比较同意	比较反对
2021-01-14 04:26:49	2021-01-14 04:27:16	IP Address	59.64.54.119	100	27	True	2021-01-14 04:27:16	R_2Cwi4L4nwr1mgTt					24.31170654296875	109.3861083984375	anonymous	ZH-S	同意	比较同意	比较同意	比较反对	同意	比较同意	比较反对
2021-01-14 04:42:59	2021-01-14 04:43:28	IP Address	59.64.54.119	100	28	True	2021-01-14 04:43:28	R_2xLFZz9Q9g9LxnA					24.31170654296875	109.3861083984375	anonymous	ZH-S	同意	同意	同意	反对	完全同意	同意	中立
2021-01-14 05:01:36	2021-01-14 05:02:11	IP Address	59.64.54.119	100	35	True	2021-01-14 05:02:11	R_3nUFtdIIYRVIOOm					24.31170654296875	109.3861083984375	anonymous	ZH-S	同意	同意	同意	反对	完全同意	比较同意	比较反对
2021-01-14 05:11:33	2021-01-14 05:12:17	IP Address	59.64.54.119	100	43	True	2021-01-14 05:12:17	R_2aKNAjfqfdNGHUI					24.31170654296875	109.3861083984375	anonymous	ZH-S	同意	同意	同意	中立	完全同意	比较同意	比较反对
2021-01-14 05:29:46	2021-01-14 05:30:20	IP Address	59.64.54.119	100	34	True	2021-01-14 05:30:20	R_3lFz9ePNUprUchd					24.31170654296875	109.3861083984375	anonymous	ZH-S	同意	同意	完全同意	反对	完全同意	同意	中立
2021-01-14 17:04:07	2021-01-14 17:04:47	IP Address	59.64.54.119	100	40	True	2021-01-14 17:04:47	R_26gQjHkOOktSqOU					24.31170654296875	109.3861083984375	anonymous	ZH-S	完全同意	完全同意	同意	反对	完全同意	同意	中立
2021-01-14 17:21:32	2021-01-14 17:22:07	IP Address	59.64.54.119	100	35	True	2021-01-14 17:22:08	R_12fBUCdFMiMUU4h					24.31170654296875	109.3861083984375	anonymous	ZH-S	同意	比较同意	同意	反对	完全同意	同意	同意
2021-01-14 17:41:00	2021-01-14 17:41:50	IP Address	59.64.54.119	100	49	True	2021-01-14 17:41:50	R_BzkZNnuaJrDiqpX					24.31170654296875	109.3861083984375	anonymous	ZH-S	同意	同意	同意	比较反对	同意	同意	中立
2021-01-14 17:59:06	2021-01-14 18:00:01	IP Address	59.64.54.119	100	54	True	2021-01-14 18:00:02	R_1LHEiCqaoKA05ot					24.31170654296875	109.3861083984375	anonymous	ZH-S	比较同意	比较同意	比较同意	反对	同意	同意	中立
2021-01-14 18:37:00	2021-01-14 18:37:26	IP Address	59.64.54.119	100	25	True	2021-01-14 18:37:26	R_2VyZvxljw91D5bV					24.31170654296875	109.3861083984375	anonymous	ZH-S	完全同意	完全同意	完全同意	完全反对	完全同意	完全同意	完全同意
2021-01-14 18:52:24	2021-01-14 18:52:43	IP Address	59.64.54.119	100	18	True	2021-01-14 18:52:43	R_1f44kJDax4QJjag					24.31170654296875	109.3861083984375	anonymous	ZH-S	比较同意	比较同意	比较同意	中立	完全同意	比较同意	中立
2021-01-14 19:14:33	2021-01-14 19:14:55	IP Address	59.64.54.119	100	22	True	2021-01-14 19:14:55	R_3FJXTyELn1itq2A					24.31170654296875	109.3861083984375	anonymous	ZH-S	同意	同意	同意	反对	同意	同意	比较同意
2021-01-14 19:28:17	2021-01-14 19:28:33	IP Address	59.64.54.119	100	16	True	2021-01-14 19:28:34	R_b1t8bl2s1Y3a2jL					24.31170654296875	109.3861083984375	anonymous	ZH-S	比较同意	同意	比较同意	反对	同意	同意	比较同意
2021-01-14 19:38:45	2021-01-14 19:39:08	IP Address	59.64.54.119	100	23	True	2021-01-14 19:39:09	R_3qQj6Ab0qAmqlof					24.31170654296875	109.3861083984375	anonymous	ZH-S	同意	同意	同意	反对	同意	同意	中立
2021-01-14 19:55:04	2021-01-14 19:55:19	Spam	59.64.54.119	100	15	True	2021-01-14 19:55:20	R_3hot3ISYyFS73hh					24.31170654296875	109.3861083984375	anonymous	ZH-S	同意	同意	同意	反对	同意	同意	中立
2021-01-14 20:35:26	2021-01-14 20:35:56	IP Address	219.142.99.14	100	30	True	2021-01-14 20:35:56	R_1jiZ6iDOeqqtC7e					39.928802490234375	116.388885498046875	anonymous	ZH-S	比较同意	比较同意	同意	反对	同意	同意	同意
2021-01-14 20:51:05	2021-01-14 20:51:28	IP Address	219.142.99.14	100	23	True	2021-01-14 20:51:28	R_3j0wCCc0NaPLX7j					39.928802490234375	116.388885498046875	anonymous	ZH-S	比较同意	比较同意	比较同意	反对	比较同意	比较同意	中立
2021-01-14 22:14:37	2021-01-14 22:14:56	IP Address	59.64.54.119	100	18	True	2021-01-14 22:14:56	R_u2MBjluANeTqoVz					24.31170654296875	109.3861083984375	anonymous	ZH-S	同意	同意	同意	比较反对	同意	同意	比较同意
2021-01-14 22:28:40	2021-01-14 22:28:56	IP Address	59.64.54.119	100	16	True	2021-01-14 22:28:57	R_vPihmTKMT198B7X					24.31170654296875	109.3861083984375	anonymous	ZH-S	比较同意	比较同意	中立	比较反对	同意	同意	中立
2021-01-14 22:41:27	2021-01-14 22:41:53	IP Address	59.64.54.119	100	26	True	2021-01-14 22:41:53	R_2ceJl3YhAZDPTth					24.31170654296875	109.3861083984375	anonymous	ZH-S	同意	同意	同意	反对	同意	同意	比较同意
2021-01-14 22:58:44	2021-01-14 22:59:11	IP Address	59.64.54.119	100	27	True	2021-01-14 22:59:12	R_0DH4nMeO44NGlbP					24.31170654296875	109.3861083984375	anonymous	ZH-S	反对	反对	反对	比较同意	中立	反对	完全反对
2021-01-14 23:13:26	2021-01-14 23:13:54	IP Address	59.64.54.119	100	28	True	2021-01-14 23:13:55	R_3ff3qTMety1ktHa					24.31170654296875	109.3861083984375	anonymous	ZH-S	完全同意	完全同意	完全同意	完全反对	完全同意	完全同意	完全同意
2021-01-14 23:31:03	2021-01-14 23:31:32	IP Address	59.64.54.119	100	28	True	2021-01-14 23:31:32	R_3Qaz1eD3wj63AHf					24.31170654296875	109.3861083984375	anonymous	ZH-S	完全同意	完全同意	比较反对	比较同意	完全同意	同意	比较同意
2021-01-14 23:40:59	2021-01-14 23:41:20	IP Address	59.64.54.119	100	21	True	2021-01-14 23:41:20	R_1QzlaJaj4kc5jDz					24.31170654296875	109.3861083984375	anonymous	ZH-S	比较同意	比较同意	比较同意	中立	完全同意	比较同意	中立
2021-01-14 23:57:19	2021-01-14 23:57:54	IP Address	59.64.54.119	100	34	True	2021-01-14 23:57:54	R_3qs83h5YLXiNup3					24.31170654296875	109.3861083984375	anonymous	ZH-S	同意	比较同意	比较同意	中立	完全同意	比较同意	中立
2021-01-15 00:06:34	2021-01-15 00:07:52	IP Address	59.64.54.119	100	77	True	2021-01-15 00:07:52	R_eX3Win13aKXW19v					24.31170654296875	109.3861083984375	anonymous	ZH-S	比较同意	比较同意	比较反对	比较反对	比较同意	比较同意	比较反对
2021-01-15 00:27:18	2021-01-15 00:27:50	IP Address	219.142.99.14	100	31	True	2021-01-15 00:27:50	R_3HOma3HJrHWL2ql					39.928802490234375	116.388885498046875	anonymous	ZH-S	比较同意	比较同意	比较同意	比较反对	比较同意	比较同意	比较反对
