Recording,Participant
Recording2,201511120153 
Recording3,201711061150 
Recording_metro,201711061150 
Recording,201811061170 
Recording4,201711061179 
Recording5,201811260127 
Recording6,201911081901 
Recording7,202011051015 
Recording8,202011180030 
Recording9,202021150005 
Recording10,202011061080 
Recording11,201711150917 
Recording12,201711160127 
Recording13,202011061037 
Recording14,201811031913 
Recording15,201711030133 
Recording16,201921150046 
Recording17,201911061189 
Recording18,201711061134 
Recording19,201811200150 
Recording20,202011100111 
Recording21,201911100165 
Recording22,202011998115 
Recording23,201911120161 
Recording24,201911120160 
Recording25,202021050022 
Recording26,202011998064 
Recording27,201711061164 
Recording28,202011160005 
Recording29,202031061046 
Recording30,201811200118 
Recording31,202011260026 
Recording32,201911080266 
Recording33,201811200120 
Recording34,201711140916 
Recording35,201811030511 
Recording36,202021150004 
Recording37,202021130045 
Recording39,202011998131 
Recording40,202011061107 
Recording42,202011061107 
Recording43,201921150016 
Recording44,201711061122 
Recording45,201711200105 
Recording46,201911011116 
Recording47,201911051139 
Recording48,201711010204 
Recording49,201711120106 
Recording50,202011998124 
Recording51,202011061039 
Recording52,202011061010 
Recording53,201711061211 
Recording54,201911080911 
Recording55,201711061119 
Recording56,201811030519 
Recording57,202011051030 
Recording58,202011081077 
Recording59,201711061202 
Recording60,201921150033 
Recording61,201711260230 
Recording62,201711140117 
Recording63,202011051073 
Recording64,201811940310 
Recording65,201911061147 
Recording66,202011051056 
Recording67,202011051089 
Recording68,201921160016 
Recording69,202011051011 
Recording70,202021040012 
Recording71,202011061070 
Recording72,202011061054 
Recording73,202031061007 
Recording74,202011061101 
Recording75,201911120162 
